id,Flower09,Yard,marker1,marker2,marker3,marker4,marker5,marker6,marker7,marker8,marker9,marker10,marker11,marker12,marker13,marker14,marker15,marker16,marker17,marker18,marker19,marker20,marker21,marker22,marker23,marker24,marker25,marker26,marker27,marker28,marker29,marker30,marker31,marker32,marker33,marker34,marker35,marker36,marker37,marker38,marker39,marker40,marker41,marker42,marker43,marker44,marker45,marker46,marker47,marker48,marker49,marker50,marker51,marker52,marker53,marker54,marker55,marker56,marker57,marker58,marker59,marker60,marker61,marker62,marker63,marker64,marker65,marker66,marker67,marker68,marker69,marker70,marker71,marker72,marker73,marker74,marker75,marker76,marker77,marker78,marker79,marker80,marker81,marker82,marker83,marker84,marker85,marker86,marker87,marker88,marker89,marker90,marker91,marker92,marker93,marker94,marker95,marker96,marker97,marker98,marker99,marker100,marker101,marker102,marker103,marker104,marker105,marker106,marker107,marker108,marker109,marker110,marker111,marker112,marker113,marker114,marker115,marker116,marker117,marker118,marker119,marker120,marker121,marker122,marker123,marker124,marker125,marker126,marker127,marker128,marker129,marker130,marker131,marker132,marker133,marker134,marker135,marker136,marker137,marker138,marker139,marker140,marker141
7,65.8,0,A,A,A,A,A,A,A,A,A,A,A,A,A,A,A,A,A,A,A,A,A,H,H,H,H,H,H,H,H,H,A,A,A,H,H,A,A,A,A,A,A,A,A,A,A,A,A,A,A,A,A,A,A,A,A,H,H,H,H,H,H,H,H,H,H,H,H,A,A,A,A,A,H,H,H,H,H,H,H,H,H,H,A,A,A,A,A,A,A,A,A,A,H,H,H,H,H,H,H,H,H,H,H,H,H,A,A,H,H,H,H,H,H,H,H,A,A,A,H,H,H,H,H,A,A,A,A,H,A,A,A,A,A,A,A,A,A,A,A,A,A
8,71.25,0,A,A,A,A,A,A,A,A,A,A,A,A,A,A,A,A,A,A,A,A,A,A,H,H,H,H,H,A,A,H,A,A,A,A,H,H,A,A,A,A,A,A,A,A,A,A,A,A,A,A,A,A,A,A,A,H,H,H,H,H,A,H,H,H,H,A,A,A,A,A,A,A,A,A,A,A,A,A,A,A,A,A,A,A,A,A,A,A,A,A,A,A,H,H,H,H,H,H,H,H,H,H,H,H,H,H,H,H,H,H,H,H,H,H,H,H,A,H,H,A,A,A,A,A,A,A,A,H,A,A,A,A,A,A,A,A,A,A,A,A,A
9,65.5,0,A,A,A,A,A,A,A,A,A,A,A,A,A,A,A,A,A,H,A,H,H,H,H,H,H,A,A,A,A,A,A,A,A,A,A,A,A,A,A,A,A,A,A,A,H,H,H,A,A,H,H,A,A,A,A,A,H,H,H,H,H,H,H,H,H,H,H,H,A,A,A,A,A,A,A,A,A,A,A,A,A,A,H,A,A,A,A,A,H,H,H,H,H,H,A,A,A,A,A,H,H,H,H,H,H,A,A,H,H,H,H,H,H,H,H,H,H,H,H,H,H,H,H,H,H,H,H,H,H,H,H,H,H,H,A,A,H,H,A,A,A
16,67,0,H,H,H,H,A,A,A,A,A,A,A,A,A,A,A,A,A,A,A,A,A,H,H,H,H,H,H,H,H,A,A,A,A,A,H,A,A,A,A,A,A,A,A,A,A,A,A,A,A,H,A,A,A,A,A,A,A,A,A,H,H,H,H,H,H,H,H,A,A,H,A,A,A,A,H,H,H,H,H,H,H,H,A,A,A,A,A,A,A,H,H,H,A,H,H,H,A,A,H,A,A,A,A,H,H,H,H,A,A,A,A,A,A,A,A,A,H,H,A,A,A,A,A,A,A,A,A,H,A,H,H,H,H,A,A,A,H,H,H,A,H
19,42.67,0,A,A,A,A,A,A,A,A,A,A,A,A,A,A,A,A,A,A,A,A,A,A,A,A,A,A,A,A,H,H,H,H,H,H,A,A,A,A,A,A,A,A,A,A,A,A,A,A,A,A,A,A,A,A,A,A,H,H,H,H,H,H,H,A,A,A,A,A,A,H,A,A,A,A,A,A,A,A,A,A,A,A,A,A,A,A,A,A,A,A,H,H,H,H,H,H,H,H,H,H,H,H,H,H,H,A,A,A,A,A,A,A,A,A,A,A,H,H,H,H,A,A,A,A,A,A,H,H,H,H,A,A,A,A,A,A,A,A,A,A,A
20,61.25,0,A,A,A,A,A,A,A,A,A,A,A,H,H,H,A,A,A,A,A,A,A,A,A,A,A,A,A,A,A,A,A,A,H,H,H,A,A,H,H,H,H,H,H,H,H,H,A,A,A,H,H,H,H,H,H,A,A,A,A,A,A,A,A,A,A,A,A,H,H,H,A,H,H,H,H,H,H,H,H,H,H,H,H,A,A,A,A,A,A,A,A,A,H,H,H,H,A,A,A,H,H,H,H,H,H,A,A,H,H,H,H,H,H,H,H,H,H,A,H,A,A,A,A,A,H,H,H,H,A,A,A,A,H,H,H,H,A,A,A,A,A
24,116.5,0,A,A,A,A,A,A,A,A,A,A,A,A,A,A,A,A,A,H,H,H,H,A,A,A,A,A,A,A,A,A,A,A,A,H,H,H,H,A,A,A,A,A,A,A,H,H,H,H,H,H,H,H,H,H,H,A,A,A,A,H,H,H,H,H,H,H,H,A,A,A,A,A,A,A,A,A,A,A,A,A,A,A,A,A,A,A,A,A,H,H,H,H,A,A,H,H,H,H,H,H,H,H,H,H,H,A,A,A,A,H,H,H,H,H,H,A,H,H,H,H,H,H,H,H,H,H,H,A,H,H,H,H,H,H,A,A,A,A,A,H,H
32,58.4,0,H,H,H,A,A,A,A,A,A,A,A,A,H,H,H,A,A,A,A,A,A,H,H,H,H,H,H,A,A,A,A,A,A,A,H,A,A,A,A,A,A,A,A,A,A,A,A,A,A,A,A,A,A,A,A,H,H,H,H,H,H,H,H,H,H,A,H,A,A,A,A,H,H,H,H,H,H,H,H,H,H,H,A,A,A,A,A,A,A,A,A,A,A,H,H,A,A,A,A,H,H,H,H,H,H,A,A,A,A,H,H,H,H,H,H,H,H,H,H,H,H,H,H,H,H,A,A,H,A,H,A,A,A,A,A,A,A,A,A,A,A
46,85.2,0,A,A,A,A,A,A,A,A,A,A,A,A,A,A,A,A,A,A,A,A,A,H,H,A,H,H,H,H,H,A,A,A,A,A,A,A,H,H,A,A,A,A,A,A,A,A,A,A,A,A,A,A,A,A,A,A,A,A,A,A,H,H,H,H,H,H,H,H,H,H,A,A,A,A,A,A,A,A,A,A,A,A,A,A,A,A,A,A,A,A,A,A,A,A,A,A,A,A,A,A,H,H,H,H,H,H,H,A,H,A,A,A,A,A,A,A,A,A,A,A,A,A,H,A,A,A,A,A,H,H,H,A,A,A,A,A,A,A,A,A,A
47,64,0,A,A,A,A,A,A,A,A,A,A,A,A,A,A,A,A,A,A,A,A,A,H,H,A,A,A,A,A,A,A,A,A,A,A,H,H,H,H,H,A,A,H,H,H,H,H,H,H,H,H,H,H,H,H,A,H,A,A,A,A,A,A,A,A,A,A,A,A,H,H,H,H,H,H,H,H,H,H,H,H,H,H,H,A,A,A,A,A,H,H,H,H,A,A,H,A,A,A,A,A,A,A,A,A,A,A,A,A,A,A,A,A,A,A,H,H,H,H,A,H,H,H,H,H,H,H,H,H,H,H,H,H,H,H,A,A,A,A,A,A,A
54,65.2,0,A,A,A,A,A,A,A,A,A,A,A,A,A,A,A,H,H,H,H,H,H,A,A,A,A,A,A,A,A,A,A,A,A,A,A,A,A,A,A,A,A,A,A,A,A,A,A,A,A,A,A,A,A,A,A,H,H,A,H,H,H,H,H,H,H,H,H,H,H,H,H,H,H,H,A,A,A,A,A,A,A,A,A,A,A,A,H,H,H,H,H,A,H,H,A,A,A,A,A,A,A,A,A,A,A,A,A,A,A,A,A,A,A,A,A,A,A,A,H,H,H,H,H,H,H,H,H,H,A,A,A,A,A,A,A,A,A,A,A,H,H
59,107,0,A,A,A,A,A,A,A,A,A,A,A,H,H,H,H,H,H,H,H,H,H,H,H,H,H,A,A,A,A,A,A,A,A,A,A,A,A,A,A,A,A,A,A,A,A,A,A,A,A,H,A,A,H,H,H,A,A,A,A,H,H,H,H,H,H,H,H,H,H,H,A,A,A,A,A,A,A,A,A,A,A,A,A,A,A,A,A,A,A,A,A,A,A,A,A,A,A,A,A,A,A,A,A,A,A,A,A,H,A,A,A,A,A,A,A,H,H,H,A,A,A,A,A,H,H,H,H,H,A,A,A,A,A,A,H,H,H,H,H,A,A
61,69.8,0,H,H,A,A,A,A,A,A,A,A,A,A,A,A,A,A,A,A,A,A,A,A,A,A,A,A,A,A,A,A,A,A,A,A,H,A,H,H,H,A,A,A,A,A,A,H,H,H,H,H,H,A,A,A,A,A,A,A,A,A,A,A,A,A,A,A,A,A,A,A,A,A,A,A,A,A,A,A,A,A,A,A,A,A,A,A,A,H,H,H,H,H,A,A,H,H,H,H,H,H,H,H,H,H,H,H,H,A,A,A,A,A,A,H,A,A,A,A,A,A,A,A,A,A,A,A,A,A,H,A,A,H,H,A,A,A,H,A,A,A,A
64,57,0,A,A,A,A,A,A,A,A,A,A,A,A,A,A,A,A,A,A,A,A,A,H,H,H,H,H,H,H,H,A,A,A,A,A,A,A,A,A,A,A,A,A,A,A,A,A,A,A,A,A,H,A,A,A,A,A,A,A,A,A,A,A,A,A,A,A,A,A,A,A,A,A,H,H,H,H,H,H,H,H,H,H,H,A,A,A,A,A,A,A,A,A,H,H,A,A,A,A,A,A,A,A,A,A,A,H,H,H,H,H,A,A,A,A,A,A,A,A,A,A,A,A,A,A,A,A,A,A,A,A,A,A,A,H,H,H,H,H,H,A,A
65,72.5,0,A,A,A,A,A,A,A,A,A,A,A,H,A,A,H,H,H,H,H,H,H,A,A,A,A,A,A,H,A,A,A,A,A,A,H,A,A,H,H,H,A,H,H,H,H,H,H,H,H,H,H,A,A,A,A,H,H,H,H,A,A,A,A,A,A,A,A,H,H,H,A,A,A,A,A,A,A,A,A,A,A,A,A,A,A,A,A,A,A,A,A,H,H,H,H,H,H,A,A,A,A,A,A,A,A,A,A,A,A,A,A,A,A,A,A,A,A,A,H,H,A,A,A,A,A,H,H,H,H,H,H,H,A,H,H,A,A,A,A,A,A
70,94.33,0,A,A,A,A,A,H,A,A,A,A,H,H,A,A,A,A,A,A,A,A,A,A,A,A,A,A,A,H,H,H,A,H,H,H,A,A,H,H,H,H,A,A,A,A,A,A,A,A,A,A,A,A,A,A,A,H,H,H,H,H,H,H,H,H,H,H,H,H,H,H,A,H,H,H,H,H,H,H,H,H,H,H,H,A,A,H,A,A,H,H,H,A,A,A,A,A,A,A,A,H,H,H,H,H,H,A,A,A,A,A,A,A,A,A,A,A,A,A,A,A,H,H,A,A,A,A,A,H,A,A,A,A,A,H,A,A,A,H,H,H,H
71,85,0,H,H,H,A,A,A,A,A,A,A,A,A,A,A,A,A,H,H,H,H,H,H,H,H,H,H,H,H,H,H,H,H,H,H,H,H,H,H,H,H,H,H,H,H,A,H,H,H,H,H,H,A,A,A,A,H,H,H,H,H,H,H,A,A,A,A,A,A,A,H,A,H,H,H,H,H,H,H,H,H,H,H,H,A,A,A,A,A,A,A,A,A,A,A,A,A,A,A,A,A,A,A,A,A,A,H,H,H,A,A,A,A,A,A,A,A,A,A,A,A,A,H,A,A,A,A,A,A,H,H,H,A,A,A,A,A,A,A,A,A,A
73,71,0,H,H,H,H,H,H,H,H,H,H,A,A,A,A,A,A,A,A,A,A,A,A,A,A,A,A,A,A,A,A,A,A,A,A,H,H,H,H,A,H,H,H,A,A,A,H,A,A,A,A,A,A,A,A,A,H,H,H,H,H,H,H,H,H,H,H,H,H,H,H,A,A,A,A,A,A,A,A,A,A,A,A,A,A,A,A,H,H,H,H,H,H,A,A,A,A,A,A,A,A,A,A,A,A,A,H,H,H,A,A,A,A,A,A,A,A,A,A,A,A,A,A,A,A,A,A,H,H,H,H,H,H,H,A,A,A,H,H,A,A,A
76,69,0,A,A,A,A,A,A,A,A,A,A,A,A,A,A,A,A,A,A,A,H,H,A,A,A,A,A,A,A,A,A,A,A,A,A,H,H,H,A,A,A,A,A,A,H,H,H,H,H,H,H,H,H,H,H,H,H,H,H,H,H,A,A,H,H,H,A,A,A,H,H,A,A,A,A,A,A,A,A,A,A,A,A,A,A,A,A,A,A,H,H,H,H,A,A,H,H,H,H,H,H,H,H,H,H,H,A,A,A,A,A,A,A,A,A,A,A,A,A,H,H,H,H,H,H,A,A,A,H,A,A,A,A,A,A,A,A,A,A,A,A,A
79,80,0,A,A,A,A,A,A,A,A,A,A,A,A,H,A,A,A,A,A,A,A,A,A,A,A,A,A,A,A,A,A,A,A,A,A,A,A,A,A,A,A,A,A,A,A,A,A,A,A,A,A,A,A,A,A,A,A,A,A,A,A,H,A,A,A,A,A,A,A,A,A,A,A,H,H,H,H,H,H,H,H,A,A,A,A,A,A,A,A,A,A,A,A,A,A,A,A,A,A,A,A,A,A,A,A,A,A,A,A,A,A,A,A,A,A,A,A,A,A,A,A,A,A,A,A,A,A,A,A,H,H,H,H,A,A,A,A,A,A,A,A,A
94,51,0,H,H,A,A,A,A,A,A,A,A,A,A,A,A,A,A,A,A,A,A,A,H,H,H,H,H,H,H,H,H,H,H,A,H,A,A,A,A,A,A,A,A,A,A,A,H,A,A,A,H,H,H,H,H,A,H,H,H,H,H,H,H,A,A,A,A,A,A,A,A,A,A,H,H,H,H,H,H,H,H,H,H,H,A,A,A,A,A,A,A,A,H,H,H,H,H,H,H,H,H,H,H,H,H,H,A,A,A,A,H,H,H,H,H,H,H,A,A,A,A,A,A,A,A,A,A,A,A,H,H,H,H,H,H,A,A,A,A,A,A,A
97,59,0,H,H,H,H,H,A,A,A,A,A,A,A,A,A,A,A,A,A,A,H,H,H,H,H,A,A,A,A,A,A,A,A,A,A,A,A,A,A,A,A,A,A,A,A,A,A,A,A,A,A,A,A,A,A,A,A,H,H,H,H,H,H,H,H,H,A,A,A,A,A,A,A,H,A,H,H,H,H,H,H,H,H,H,A,A,A,A,A,H,H,A,A,A,A,H,H,H,H,H,H,A,H,H,H,H,A,A,H,H,H,H,H,H,H,H,H,H,H,A,A,A,A,A,A,A,A,A,A,A,A,A,A,A,H,A,A,H,H,A,A,H
99,64.75,0,H,A,A,A,A,A,A,A,A,A,A,A,A,A,A,A,A,A,A,A,A,H,H,H,H,H,H,H,H,A,H,H,A,H,A,A,A,A,A,A,A,A,A,A,A,A,H,H,H,H,H,H,A,A,A,A,H,H,H,H,H,H,H,H,H,H,H,H,H,H,A,A,A,A,A,A,A,A,A,A,A,A,A,A,A,A,A,A,A,A,A,A,H,H,A,A,A,A,A,A,A,A,A,A,A,A,A,H,H,H,H,H,H,H,H,H,H,H,H,H,H,H,H,H,A,A,A,A,A,A,A,A,A,A,H,H,A,A,A,A,A
105,56.75,0,H,H,A,A,A,A,A,A,A,A,A,H,A,A,A,A,A,A,H,H,H,H,H,H,H,H,H,H,H,H,H,H,A,A,A,A,H,H,A,A,A,A,A,A,A,A,A,A,A,A,A,A,A,A,A,H,H,H,H,H,H,H,A,A,A,A,A,A,A,A,H,H,H,H,H,H,H,H,H,H,H,H,H,A,A,A,A,A,A,A,A,A,A,A,H,A,A,A,A,A,A,A,A,A,A,A,A,A,A,A,A,A,A,A,A,A,A,A,H,H,H,A,A,A,A,A,A,H,H,H,H,H,H,H,A,A,A,A,A,A,A
111,62,0,A,A,A,H,H,A,A,A,A,A,A,A,A,A,A,A,A,A,A,A,A,A,A,H,H,H,H,H,H,H,A,A,A,A,H,H,H,H,A,A,A,A,A,A,A,A,A,A,A,A,A,A,A,A,A,H,A,A,A,H,H,H,H,H,H,H,A,A,A,A,A,A,H,H,H,H,H,H,H,H,H,H,A,A,A,A,H,H,H,H,H,H,H,H,A,A,A,A,A,A,A,A,A,A,A,H,H,H,A,A,A,A,A,A,A,A,A,A,H,H,H,H,H,H,H,H,H,A,A,A,A,A,A,A,A,A,A,A,A,A,A
118,78,0,A,A,A,H,H,A,A,A,A,A,A,A,A,A,A,A,A,A,A,A,A,H,H,H,H,H,H,H,H,H,H,H,H,H,A,A,A,A,A,A,A,A,A,H,H,H,H,H,H,H,H,H,H,H,A,H,H,H,H,H,A,H,A,A,A,A,A,A,A,A,A,A,H,H,H,H,H,H,H,H,H,H,H,A,H,H,H,H,H,H,H,H,A,A,A,A,A,A,A,H,H,H,H,H,A,A,A,A,A,A,A,A,A,A,A,A,A,A,A,A,A,A,A,A,A,A,A,A,H,A,A,A,A,A,A,A,A,A,A,A,A
127,85.5,0,A,A,A,A,A,A,A,A,A,A,A,A,A,A,H,H,H,H,H,H,H,A,A,A,A,A,A,A,A,A,A,A,A,A,H,A,A,A,A,A,A,A,A,A,A,A,A,A,A,A,A,A,A,A,A,A,A,A,A,A,A,A,H,H,H,H,H,A,A,A,H,A,A,A,A,A,A,A,A,A,A,A,A,A,A,A,A,A,A,A,A,A,H,H,H,H,H,H,H,H,H,H,H,H,A,H,H,H,H,A,A,A,A,A,A,A,A,A,H,H,H,H,H,H,H,A,A,A,A,A,A,A,A,A,H,H,H,A,A,H,H
129,64,0,A,A,A,A,A,A,A,A,A,A,A,A,A,A,A,A,A,A,A,H,H,A,A,A,A,A,A,A,A,A,A,A,A,A,H,A,A,A,A,A,A,A,A,H,H,H,H,A,H,H,H,H,H,H,H,A,A,A,A,A,A,A,A,A,A,A,A,A,A,A,A,A,A,A,H,H,H,H,H,H,H,H,H,A,A,H,H,H,H,H,A,H,H,H,H,H,A,A,A,A,A,A,A,A,A,A,A,A,A,A,A,A,A,A,A,A,A,A,A,A,A,A,A,A,A,A,A,H,H,A,A,A,A,A,A,A,A,A,A,A,A
135,72,0,A,A,H,A,A,A,A,A,A,A,A,H,H,H,H,H,H,H,H,H,H,H,H,H,H,H,H,H,H,A,A,A,A,A,A,A,A,H,H,A,A,H,H,H,H,H,H,H,H,H,H,H,H,H,H,A,A,A,H,H,H,H,A,A,H,H,H,A,A,A,A,H,H,H,H,H,H,H,H,H,H,H,H,A,A,A,A,A,H,H,A,A,H,H,A,A,A,A,A,A,A,A,A,A,A,A,A,A,A,A,A,A,H,H,H,H,H,H,H,H,H,A,A,A,A,A,A,A,H,A,A,A,A,A,A,A,A,A,A,A,A
140,60,0,A,A,A,A,A,A,A,A,A,A,A,A,A,A,A,A,A,A,H,H,H,H,H,H,H,H,H,A,A,A,A,A,A,A,A,A,A,A,A,A,A,A,A,A,A,H,H,A,A,H,H,H,A,A,A,A,A,A,H,H,H,H,H,H,H,H,H,H,A,A,A,A,A,A,A,A,A,A,A,A,A,A,A,A,A,A,A,A,A,A,A,H,H,H,H,H,H,H,H,H,H,H,H,H,H,H,H,H,A,H,H,H,H,H,H,H,H,H,A,A,A,A,A,H,H,H,H,H,A,A,H,H,H,H,A,A,A,A,A,A,H
141,93,0,A,A,A,A,A,A,A,A,A,A,A,A,H,H,A,A,A,A,A,A,A,A,A,A,A,A,A,A,H,H,A,A,A,A,A,A,A,H,A,H,H,H,H,H,H,H,H,A,A,H,H,H,A,A,H,H,H,H,H,H,H,H,A,A,A,H,H,H,H,A,A,H,H,H,H,A,A,A,H,A,A,A,A,A,A,A,A,A,A,A,A,A,A,A,A,A,A,A,A,A,A,A,A,A,A,A,A,A,A,A,A,A,A,A,A,A,A,A,A,A,A,A,A,A,A,A,A,A,A,A,A,A,A,A,A,A,A,A,A,A,A
143,56,0,A,A,A,A,A,A,A,A,A,A,A,A,A,A,A,A,H,H,H,H,H,A,A,A,A,A,H,A,A,A,A,A,A,A,H,H,H,H,H,H,H,H,H,H,H,H,H,A,A,A,H,H,H,H,H,H,A,A,A,A,H,H,H,H,H,A,A,A,A,A,A,A,H,H,H,H,H,H,H,H,H,H,H,A,A,A,A,A,A,A,A,A,A,A,A,A,A,A,A,A,A,A,A,A,A,H,A,H,A,H,H,H,H,H,H,H,H,H,H,A,A,A,A,A,A,A,A,A,H,H,H,H,H,H,H,H,H,H,A,A,A
144,116.5,0,H,A,A,A,A,A,A,A,A,A,A,A,A,A,A,A,A,A,H,H,H,H,H,H,H,H,H,H,H,A,A,A,A,A,H,A,A,A,A,A,H,A,A,H,H,H,H,H,H,H,H,H,H,H,H,H,H,H,H,H,A,H,H,H,H,H,A,A,A,A,A,A,A,A,A,A,A,A,A,A,A,A,A,A,A,A,H,H,H,H,H,H,H,H,H,H,H,H,H,H,H,H,H,H,H,H,H,H,A,A,H,H,H,H,H,H,H,H,H,A,A,A,A,A,H,H,H,H,H,H,H,H,H,H,H,H,A,A,A,A,A
147,76,0,A,A,A,A,A,A,A,A,A,A,A,A,A,A,A,A,H,H,H,A,A,H,H,H,H,H,H,H,H,A,A,A,A,A,H,H,H,A,A,A,H,H,H,H,H,A,A,A,A,A,A,A,A,A,A,H,H,H,H,H,H,H,H,H,H,H,A,A,A,A,A,A,A,A,H,H,H,H,H,H,H,A,A,H,A,A,A,H,H,A,A,H,H,H,A,A,A,A,A,A,A,A,A,A,A,A,A,A,A,A,A,A,A,A,H,H,H,H,H,A,A,A,A,A,A,A,A,A,H,H,H,H,H,A,H,H,H,H,A,A,A
148,54,0,A,A,A,A,A,A,A,A,A,A,A,A,A,A,A,A,A,A,A,A,A,H,H,H,H,H,H,H,H,H,A,A,A,A,A,A,A,A,A,A,A,A,A,A,A,A,A,A,A,A,A,A,A,A,A,H,H,H,H,H,A,A,A,A,A,A,A,A,A,A,A,A,A,A,A,A,A,A,A,A,A,A,A,A,A,A,H,H,H,H,H,H,A,A,A,A,A,A,A,A,A,A,A,A,A,H,H,H,H,H,H,H,H,H,A,A,A,A,H,A,A,A,A,A,A,A,A,A,H,H,H,H,H,H,A,A,A,A,A,H,H
149,39,0,A,A,A,A,A,A,A,A,A,A,A,A,A,A,A,A,A,A,A,A,A,A,A,A,A,A,A,A,H,H,A,A,A,A,A,A,A,A,H,H,H,H,H,H,H,H,A,A,A,A,A,A,A,A,A,A,A,A,A,A,A,A,A,A,A,A,A,A,A,A,A,A,A,A,A,A,A,A,A,A,A,A,A,A,A,A,H,H,H,H,H,H,A,A,A,A,A,A,A,A,A,A,A,A,A,H,H,H,H,H,H,H,H,H,H,H,H,H,H,H,A,A,A,A,A,A,A,A,H,H,H,H,H,H,H,H,H,A,A,A,A
152,92,0,H,H,H,H,H,H,H,H,H,A,A,A,H,H,A,H,H,H,H,H,H,A,A,A,A,A,A,A,A,A,A,A,A,A,H,H,H,H,H,A,A,A,A,A,H,H,H,H,H,H,A,A,A,A,A,H,H,H,H,H,H,H,A,H,H,H,A,A,A,A,A,H,A,A,A,A,A,A,A,A,A,A,A,A,A,A,A,H,A,A,A,A,A,A,A,A,A,A,A,A,A,A,A,A,A,A,A,H,H,H,A,A,A,A,A,A,A,A,H,H,H,H,H,H,H,H,H,H,H,H,A,A,A,A,A,A,A,A,A,A,A
153,97.8,0,A,A,A,A,A,A,A,A,A,H,A,A,A,A,A,A,A,A,A,H,H,A,A,A,A,A,A,A,A,A,A,A,A,A,A,A,A,A,A,A,H,A,A,A,A,A,A,A,A,A,A,A,A,A,A,H,H,H,H,H,H,A,H,H,H,H,A,A,A,A,A,H,H,H,H,H,H,H,H,H,H,A,A,A,A,A,A,A,A,A,A,A,A,A,A,A,A,A,A,A,A,A,A,A,A,H,A,A,A,A,A,A,A,A,H,H,H,H,H,A,A,A,A,A,H,H,H,H,H,A,H,H,H,A,A,A,A,A,A,A,A
155,45.75,0,A,A,A,A,A,A,A,A,A,A,A,A,A,H,H,H,A,A,A,A,A,A,A,A,A,A,A,A,A,A,A,A,A,A,A,A,A,A,A,A,A,A,A,A,A,A,A,A,A,A,A,A,A,A,A,A,A,A,A,A,A,A,A,A,A,A,A,A,H,H,H,A,A,A,A,A,A,A,A,A,A,A,A,A,A,A,A,A,H,H,H,H,A,A,A,A,A,A,A,A,A,A,A,A,A,H,H,A,A,A,A,A,A,A,A,H,H,H,A,A,A,A,A,A,A,A,A,A,H,H,H,H,H,A,A,A,A,A,A,A,A
157,124.67,0,A,A,A,A,A,A,A,A,A,A,A,A,A,H,H,H,H,H,H,H,H,H,H,H,H,H,H,H,H,A,A,A,A,A,A,A,A,A,A,A,A,A,A,A,A,A,A,A,A,A,A,A,A,A,A,H,H,H,H,H,H,H,H,H,H,H,H,H,H,H,A,A,A,A,A,A,A,A,H,H,A,A,A,A,A,A,A,H,H,H,A,H,A,A,A,A,A,A,A,A,A,A,A,A,A,H,H,A,A,A,A,A,A,A,A,A,A,A,A,A,A,A,A,A,A,A,A,A,H,H,H,H,H,A,A,A,H,H,H,H,H
160,65,0,A,A,A,A,A,A,A,A,A,A,A,A,H,H,A,A,A,A,A,A,A,A,A,A,A,A,H,H,A,H,A,A,A,A,A,A,A,A,A,A,A,A,A,A,H,A,A,H,H,A,A,A,A,A,A,H,A,A,A,A,A,A,A,A,A,A,A,A,A,A,A,A,A,A,A,H,A,A,A,H,A,A,A,A,A,A,A,A,A,A,A,A,A,A,A,A,A,A,A,A,A,A,A,A,A,A,A,A,A,A,A,A,A,A,A,A,A,A,H,A,A,A,A,A,A,A,A,A,A,H,A,A,A,A,A,A,A,H,A,A,A
39,58.2,0,A,A,A,A,A,A,A,A,A,A,A,A,A,A,A,A,A,A,A,A,A,A,A,H,A,A,A,A,A,A,A,A,A,A,H,H,H,A,A,H,H,H,H,H,H,H,H,H,H,H,H,H,H,H,H,H,H,H,H,H,H,H,H,H,A,A,A,A,H,H,A,A,H,H,H,H,A,H,H,H,A,A,H,A,A,A,A,A,A,A,A,A,H,H,H,H,H,H,H,H,H,H,H,H,H,A,A,A,A,A,A,A,A,A,A,A,A,A,A,A,A,A,A,A,A,A,A,A,A,A,A,A,A,A,A,A,A,A,A,A,A
55,70.2,0,A,A,A,A,A,A,A,A,A,A,A,A,A,A,A,A,A,A,A,A,A,H,H,A,A,A,A,A,A,A,H,H,H,H,A,A,A,A,A,A,A,A,A,A,A,A,A,A,A,A,H,H,A,A,A,A,H,A,H,H,A,A,A,A,A,A,A,A,A,A,A,A,A,H,H,H,H,H,H,H,H,H,H,A,A,A,A,A,H,H,H,H,H,H,H,H,H,H,H,H,H,H,H,H,H,A,A,A,A,A,A,A,A,A,A,H,H,H,A,A,A,A,A,H,H,H,H,H,H,H,H,H,H,H,H,H,A,A,A,A,A
56,119,0,A,A,A,A,A,A,A,A,A,A,A,H,H,H,H,H,H,H,H,A,A,A,A,A,A,A,A,A,A,A,A,A,A,A,A,A,A,A,A,A,A,A,A,A,A,A,A,A,A,A,A,A,A,A,A,A,A,A,A,A,A,A,A,A,A,A,A,A,A,A,A,A,A,A,A,A,A,A,A,A,A,A,A,A,A,H,H,A,H,A,A,A,H,A,H,H,A,A,A,A,H,H,H,H,H,A,A,H,H,H,H,H,H,A,A,A,A,A,H,H,H,H,H,H,H,A,A,A,H,H,H,H,H,H,H,H,A,A,A,A,A
60,87.6,0,H,H,A,A,A,A,A,A,A,A,A,A,A,A,A,A,A,A,A,A,A,H,H,H,H,A,A,A,A,A,A,A,A,A,H,H,H,A,A,A,A,A,A,A,A,H,H,H,H,H,H,H,H,H,H,A,A,A,A,A,A,A,A,A,A,A,A,A,A,A,A,A,A,A,A,H,H,H,H,H,H,A,H,A,A,A,H,H,H,H,H,H,H,H,A,A,A,A,A,A,H,H,H,H,H,H,H,H,A,H,H,H,H,H,H,H,H,H,H,A,A,A,A,A,A,A,A,A,H,A,H,H,A,A,A,H,H,H,H,A,A
75,87.25,0,A,A,A,A,A,A,A,A,A,A,A,A,A,A,A,A,A,A,A,A,A,H,H,H,H,H,H,H,H,H,H,H,A,A,A,A,A,A,A,A,A,A,A,A,A,A,A,A,A,A,A,A,A,A,A,A,A,A,A,A,A,A,A,A,A,A,A,A,H,H,A,A,H,H,H,H,H,H,H,H,H,H,H,A,A,A,H,H,H,H,H,H,A,H,H,H,H,H,H,H,H,H,H,H,H,A,A,A,A,A,A,A,A,A,A,A,A,A,A,A,A,A,A,A,H,H,H,A,A,A,A,A,A,A,A,A,H,H,H,H,A
85,93.75,0,H,H,A,A,A,A,A,A,A,A,A,A,A,A,A,A,A,A,A,A,A,H,H,H,H,H,H,H,H,H,H,H,H,H,H,H,H,A,A,A,A,A,A,A,A,A,A,A,A,A,A,A,A,A,H,A,H,H,H,H,H,H,H,H,H,H,A,A,H,H,H,H,H,H,H,H,H,H,H,H,H,H,H,A,A,A,A,A,A,A,A,H,H,H,H,H,H,H,H,H,H,H,H,H,H,A,A,A,A,A,A,A,A,A,A,A,A,A,H,A,H,H,H,H,H,H,H,A,H,H,H,H,H,A,A,A,H,H,H,A,A
107,64.5,0,A,A,H,H,H,H,A,A,A,A,A,H,H,H,H,H,H,H,H,H,H,A,A,A,A,A,A,A,A,A,A,A,H,A,A,A,A,A,A,A,A,A,A,A,A,A,A,A,A,A,A,A,A,A,A,H,H,H,H,A,A,A,A,A,A,A,A,A,A,A,A,H,H,H,H,H,H,H,H,H,H,H,H,A,A,A,H,H,H,H,A,A,A,A,A,A,A,A,A,A,A,A,A,A,A,H,H,A,A,A,A,A,A,A,A,A,A,H,H,H,H,H,H,H,H,H,H,H,H,H,H,H,H,A,H,H,H,A,A,A,A
112,72.5,0,A,A,A,A,A,A,A,A,A,A,A,A,A,A,A,A,A,A,A,A,A,H,H,A,A,A,A,A,A,A,H,H,H,H,A,A,A,A,A,A,A,H,H,H,H,H,H,H,H,H,H,A,A,A,A,H,H,H,H,A,A,A,A,A,A,A,A,A,H,H,H,H,H,A,A,A,A,A,A,A,A,A,A,A,A,A,A,A,A,A,A,A,H,A,A,A,A,A,A,A,A,A,A,A,A,H,A,A,A,A,A,A,A,A,H,H,H,H,A,A,A,A,A,H,H,H,H,H,A,A,A,A,A,A,A,A,A,A,A,A,A
130,75.2,0,H,H,H,H,H,H,H,A,A,A,A,A,A,A,A,A,A,A,A,A,A,A,A,A,A,A,A,A,H,H,A,H,H,H,H,H,H,A,A,A,A,A,A,A,A,H,H,H,H,H,H,A,A,A,A,H,A,A,A,A,A,A,A,A,A,A,A,A,A,A,A,H,H,H,H,H,H,H,H,H,A,A,H,A,A,A,A,A,A,A,A,A,A,H,H,H,H,A,H,A,A,A,H,H,H,H,A,A,A,A,A,A,A,A,A,A,A,A,H,A,A,A,A,H,H,H,H,H,A,H,A,A,A,A,A,A,H,H,H,A,H
132,100,0,A,A,A,A,A,A,A,A,A,A,A,A,A,A,A,A,A,A,A,A,A,A,A,A,A,A,A,H,A,A,A,A,A,A,H,A,A,A,A,A,A,A,A,A,A,A,A,A,A,A,A,A,A,A,A,H,H,H,A,A,A,A,A,H,A,A,A,A,A,A,A,A,A,A,A,A,A,A,A,A,A,A,A,A,A,A,A,A,A,A,A,A,A,A,H,A,A,A,H,A,A,A,H,H,A,A,A,A,A,A,A,A,A,A,A,A,A,A,H,H,H,A,A,H,A,A,A,A,A,A,A,A,A,A,A,A,A,A,A,A,A
134,66,0,H,H,H,A,A,A,A,A,A,A,A,A,A,A,A,A,H,H,H,H,H,H,H,H,H,H,H,H,A,A,A,A,A,A,A,A,A,A,A,A,A,A,A,A,A,A,A,A,A,A,A,A,A,A,A,A,H,H,H,H,H,H,H,H,H,H,A,A,A,A,H,H,A,A,A,A,A,A,A,A,A,A,A,A,A,H,H,H,H,H,H,H,A,A,H,H,H,H,H,H,H,H,H,H,H,H,H,H,H,H,H,H,A,A,A,H,H,H,H,H,H,H,H,H,H,H,H,H,H,H,H,H,H,H,H,H,H,H,A,A,A
151,90.5,0,A,A,A,A,A,A,A,A,A,A,A,A,A,A,A,A,A,A,H,H,H,A,A,A,A,A,A,A,A,A,A,A,A,A,H,A,A,A,A,A,H,H,H,H,H,H,H,H,H,H,H,H,H,H,H,A,A,A,A,A,A,H,H,H,H,H,A,A,A,A,A,A,A,A,H,H,H,H,H,H,H,A,A,A,A,A,A,A,A,A,A,H,H,H,H,H,H,H,H,H,H,H,H,H,H,A,A,A,A,A,A,A,A,A,A,A,H,H,A,A,A,A,A,A,A,A,A,A,A,A,A,A,A,A,A,A,A,A,A,A,A
12,54,0,A,A,A,A,A,A,A,A,A,A,A,A,H,H,H,H,H,A,A,A,A,H,H,H,H,H,H,H,H,A,A,A,A,A,A,A,A,A,H,H,A,A,A,A,A,A,A,A,A,A,A,A,A,A,A,A,A,A,A,A,A,A,H,H,H,H,H,H,A,A,A,A,A,A,A,A,A,A,A,A,A,A,A,A,A,H,H,H,H,H,H,H,H,H,H,H,H,H,H,H,H,H,H,H,H,A,A,A,A,A,A,A,A,A,A,A,A,H,A,A,A,H,A,A,A,A,A,A,H,H,H,H,H,A,A,A,A,A,A,H,H
21,63.75,0,A,A,A,A,A,A,A,A,A,A,A,H,H,H,H,A,A,A,A,H,H,A,A,A,A,A,A,A,A,A,A,A,H,H,H,H,H,A,A,A,A,A,A,A,A,A,A,A,A,A,A,A,A,A,A,H,A,A,A,A,A,A,A,A,A,A,A,A,H,H,A,H,H,H,H,H,H,H,H,H,H,H,H,A,A,H,H,H,A,A,A,A,H,H,H,H,H,H,H,H,H,H,H,H,H,A,A,A,A,H,H,H,H,A,A,A,A,A,H,H,A,H,H,H,A,A,A,A,H,H,H,H,H,A,A,A,A,A,A,A,A
45,59.6,0,H,H,A,A,A,A,A,A,A,A,A,A,A,A,A,A,A,A,A,A,H,H,H,H,H,H,A,A,A,A,A,A,A,H,H,H,H,H,H,H,H,H,H,H,A,A,A,A,A,A,A,A,A,A,A,A,A,A,A,A,A,A,A,A,A,A,A,A,H,H,H,H,H,H,H,H,H,H,H,H,H,H,A,A,A,A,A,A,A,A,A,A,A,H,A,H,H,H,H,H,H,H,H,H,H,H,H,A,A,A,A,A,A,A,A,A,A,A,H,H,A,A,A,A,A,A,A,A,H,H,H,H,H,H,A,A,A,A,A,A,A
74,53,0,A,H,H,H,A,A,A,A,A,A,A,A,A,A,A,A,A,A,A,A,A,A,A,A,A,A,A,A,A,A,A,A,A,A,A,A,A,A,A,H,H,H,A,A,A,A,A,A,A,A,A,A,A,H,A,H,H,H,H,H,H,H,H,H,H,H,H,H,A,A,A,A,A,A,A,A,A,A,A,A,A,A,A,A,A,H,A,H,H,H,H,A,A,A,A,H,A,H,H,H,H,H,H,H,H,A,A,H,A,H,H,H,H,A,H,A,H,H,A,H,H,H,H,A,A,A,H,H,H,H,H,H,H,H,H,H,H,H,H,H,H
22,74.8,0,A,A,A,A,A,A,A,A,A,A,A,H,H,H,A,A,A,A,A,A,A,H,H,H,H,H,H,H,H,A,A,A,A,A,A,A,A,H,H,H,H,H,H,H,H,H,H,H,H,H,H,H,H,H,A,A,A,A,A,A,A,H,H,H,H,H,H,A,A,A,A,A,A,A,A,A,A,A,A,A,A,A,A,A,A,A,A,A,H,H,H,H,H,H,A,A,A,A,A,A,A,A,A,A,A,H,H,A,A,A,A,A,A,A,A,A,H,H,H,H,H,A,H,H,H,H,H,H,H,H,H,H,H,H,A,A,A,A,A,A,A
26,56.25,0,H,H,H,A,A,A,A,A,A,A,A,A,A,A,A,A,A,A,A,A,A,H,H,H,H,H,H,H,H,H,A,A,A,A,A,A,A,A,A,A,A,A,A,A,A,A,A,A,A,A,A,A,A,A,A,H,H,H,H,H,H,H,H,H,H,H,A,A,A,H,H,H,H,H,H,H,H,H,H,H,H,H,H,A,A,A,A,A,A,A,A,A,H,H,H,H,H,H,H,H,H,H,H,H,H,H,H,H,H,H,H,H,H,H,H,H,H,H,H,H,H,A,A,A,A,A,A,A,H,H,A,A,A,A,A,A,A,A,A,A,H
30,65,0,A,A,A,A,A,A,A,A,A,A,A,A,A,A,A,A,A,A,A,H,H,H,H,H,A,A,A,A,A,A,A,A,A,H,A,A,A,A,A,A,A,A,A,A,A,A,A,A,A,A,A,A,A,A,A,H,H,H,H,H,H,H,H,H,H,H,A,A,A,A,A,A,A,A,A,A,A,A,A,A,A,A,A,A,A,A,A,A,A,A,A,A,A,A,A,A,A,A,A,A,A,A,A,A,A,H,A,A,A,A,A,A,H,H,H,H,H,A,H,A,A,A,H,H,H,H,H,H,H,H,H,H,H,H,A,A,A,A,A,A,A
31,103.4,0,A,A,A,A,A,A,A,A,A,A,A,A,A,A,A,A,A,A,H,A,A,H,H,H,H,H,H,H,A,H,H,H,H,H,A,A,A,A,A,A,A,A,A,A,A,A,A,A,A,A,A,A,A,A,A,H,A,A,A,A,A,A,H,H,H,A,A,A,A,H,A,H,H,H,A,A,A,A,A,A,A,A,A,A,A,A,A,A,A,A,A,A,A,H,H,H,A,A,H,H,H,H,H,A,H,H,H,H,H,H,H,H,H,H,A,A,H,H,A,A,A,A,A,H,H,H,H,H,H,A,H,H,H,A,A,A,A,A,A,A,A
40,61.6,0,A,A,A,A,A,A,A,A,A,A,A,A,A,A,A,A,A,A,H,H,H,H,H,H,H,H,H,H,H,H,A,A,A,A,H,A,A,A,A,A,A,A,A,A,A,A,A,A,A,A,A,A,A,A,A,H,H,H,H,H,A,A,A,A,A,A,A,A,A,A,A,H,H,H,H,H,H,H,H,H,H,H,H,A,A,A,A,A,A,H,A,H,A,A,A,A,A,A,A,A,A,A,A,A,A,A,A,A,A,A,A,A,A,A,A,A,A,H,A,A,A,A,A,A,A,A,A,A,A,A,A,A,A,A,A,A,H,H,A,A,A
43,90.8,0,A,A,A,A,A,A,A,A,A,A,A,A,A,A,A,A,A,H,H,H,H,H,H,H,H,A,A,A,A,A,A,A,A,A,H,H,H,H,H,H,H,H,H,H,H,H,H,H,H,H,H,H,H,H,H,H,H,H,H,H,H,H,H,H,H,H,H,H,H,H,A,H,A,A,A,A,A,A,A,A,A,A,H,A,A,A,H,H,H,A,A,H,A,A,A,A,A,A,A,A,A,A,A,A,A,A,A,A,A,A,A,A,A,A,A,A,A,H,H,H,A,A,A,A,A,A,H,H,A,A,A,A,A,A,A,A,H,H,A,A,A
72,56,0,A,A,A,A,A,A,A,A,A,A,A,A,A,A,A,A,A,A,A,A,A,H,H,A,A,A,A,A,A,A,A,A,A,A,A,A,A,A,A,A,H,H,H,H,H,H,H,H,H,H,H,H,H,H,A,H,H,A,A,A,A,A,A,A,A,H,H,A,A,A,A,H,A,A,A,A,A,A,A,A,A,A,A,A,A,A,H,H,H,H,H,H,A,A,H,H,H,H,H,H,H,H,H,H,H,A,A,A,A,A,A,A,A,A,A,A,A,A,A,A,A,A,A,A,H,H,H,H,H,H,H,H,H,H,H,H,H,A,A,A,A
115,64,0,H,H,H,H,H,H,A,A,A,A,A,A,A,A,A,A,A,A,H,H,H,H,H,H,H,H,H,H,H,A,A,A,A,A,A,A,A,A,A,A,A,A,A,A,A,A,A,A,A,A,A,A,A,A,A,H,H,H,H,A,A,A,H,H,H,H,H,A,A,A,A,A,H,H,H,H,H,H,H,H,H,H,H,A,A,A,A,A,A,A,A,A,H,H,H,H,H,H,H,A,A,A,A,A,A,H,A,A,A,A,A,A,A,A,A,A,A,A,H,H,H,A,A,A,A,H,H,A,A,H,H,H,H,H,A,A,A,A,A,H,H
25,72.33,0,H,A,A,H,A,A,A,A,A,A,A,A,A,A,A,A,A,A,A,A,A,H,H,H,A,A,A,A,A,A,A,A,A,A,H,H,H,A,A,A,A,A,A,A,A,A,A,A,A,A,H,A,A,H,H,H,H,H,H,H,H,H,H,H,H,A,A,A,A,A,A,A,A,A,A,A,A,A,A,A,A,A,A,A,A,A,A,A,A,H,H,H,H,H,H,H,A,A,H,H,H,H,H,H,H,A,A,A,A,H,H,H,H,H,H,H,H,H,A,A,A,A,A,A,A,A,A,A,H,A,A,A,A,A,A,A,A,A,A,A,A
116,72.5,0,H,H,H,A,A,A,A,A,A,H,A,A,A,A,A,A,A,A,A,A,A,H,H,H,H,H,H,H,H,A,A,A,A,A,H,A,A,A,A,A,A,A,A,A,A,A,A,A,A,A,A,A,A,A,A,H,H,H,H,H,A,A,A,A,A,A,A,A,A,A,A,A,H,H,H,H,H,H,H,H,H,H,H,A,H,A,H,H,H,H,H,H,A,H,H,H,H,H,H,H,H,H,H,H,H,H,A,A,A,A,A,A,A,A,A,A,A,A,H,H,H,H,H,H,H,H,H,H,A,H,H,H,H,H,H,A,A,A,A,H,H
124,73,0,A,A,A,A,A,A,A,A,A,A,A,A,A,H,A,A,A,A,H,H,H,H,H,H,H,H,H,H,H,H,H,A,A,A,H,H,H,A,A,A,A,A,A,A,A,A,A,H,A,A,A,A,A,A,A,H,H,A,A,A,A,A,A,A,A,A,A,A,A,A,A,A,A,H,H,H,H,H,H,H,H,H,H,A,A,A,H,H,H,H,H,H,A,A,H,H,A,A,A,A,A,A,A,A,A,A,A,A,A,A,A,A,A,A,A,A,A,A,A,A,A,A,A,A,A,A,A,A,A,A,A,A,A,A,A,A,A,A,A,A,A
2,74,0,H,H,A,A,A,A,A,A,A,A,A,A,A,A,A,H,A,H,H,H,H,H,H,H,H,H,H,A,A,A,A,A,A,A,A,A,A,A,A,A,A,A,A,A,H,H,H,H,H,H,H,H,A,H,H,H,H,H,H,H,A,A,A,A,A,A,A,H,H,H,A,A,A,H,A,A,A,A,A,A,A,A,A,A,A,H,H,H,H,H,H,H,A,A,A,A,A,A,A,A,A,A,A,A,A,H,H,A,A,A,A,A,A,A,A,A,A,A,A,A,A,A,A,A,A,H,H,A,A,A,A,A,A,A,A,A,A,A,H,H,H
5,59.67,0,A,A,A,A,A,A,A,A,A,A,A,A,A,A,A,A,A,A,A,A,H,H,H,H,H,H,H,H,H,A,A,A,A,A,A,A,A,A,A,A,A,A,A,A,A,A,A,A,A,A,H,H,A,H,A,H,H,H,H,H,H,H,H,H,H,H,H,A,A,A,A,A,H,H,H,H,H,H,H,H,H,H,H,A,A,A,A,A,A,A,A,A,A,A,A,A,A,A,A,A,A,A,A,A,A,H,H,H,H,H,H,H,H,H,H,H,H,H,H,A,A,A,A,A,A,A,A,A,A,A,A,A,A,A,A,A,A,H,H,H,H
13,67.67,0,A,A,A,A,A,A,A,A,A,A,A,A,H,H,H,H,H,A,A,A,A,H,H,H,H,H,H,H,H,A,A,A,A,A,A,A,A,A,A,H,A,A,A,A,A,A,A,A,A,A,A,A,A,A,A,A,A,A,A,A,H,H,H,H,H,H,H,H,A,A,A,A,A,A,A,A,A,A,A,A,A,A,A,A,A,A,H,H,H,H,H,H,H,H,H,H,H,H,H,H,H,H,H,H,H,A,A,A,A,A,A,A,A,H,H,H,H,A,A,A,A,H,A,A,A,A,A,A,H,H,H,H,H,A,A,A,A,A,A,A,H
37,53.8,0,A,A,A,A,A,A,A,A,A,A,A,A,A,A,A,A,A,H,H,H,H,H,H,H,H,H,H,H,H,H,H,H,A,A,H,H,H,H,H,H,H,H,H,H,H,H,H,H,H,H,H,H,H,H,H,H,H,H,H,H,H,H,H,H,H,H,H,H,A,A,A,A,H,H,H,H,H,H,H,H,A,A,A,A,H,H,H,H,H,H,H,H,A,A,A,H,H,H,H,H,H,H,H,H,H,A,A,A,A,A,A,A,A,A,A,H,H,A,A,A,A,A,A,A,A,A,A,A,A,A,A,A,H,A,A,A,A,A,A,A,A
87,83.5,0,H,H,H,H,H,A,A,A,A,H,A,A,A,H,H,A,A,A,H,H,H,A,A,A,A,H,H,H,A,A,A,A,A,H,A,A,H,A,A,A,A,A,A,A,A,H,A,A,A,H,H,A,A,A,A,H,H,H,A,H,H,H,H,H,H,H,H,A,A,A,H,H,A,A,A,A,A,A,A,A,A,A,H,A,A,A,A,A,H,H,H,H,H,A,A,A,A,A,A,A,A,A,A,A,A,H,H,H,H,H,H,H,H,H,H,H,H,H,A,A,A,A,A,A,A,A,A,A,H,H,H,H,H,H,A,A,H,H,A,A,A
89,63,0,A,A,A,A,A,A,A,A,A,A,A,A,A,A,A,A,A,A,A,A,A,H,H,H,A,A,A,A,A,A,A,A,A,A,H,A,A,A,A,A,A,A,A,A,H,H,H,H,A,H,H,H,H,H,H,H,A,A,A,A,H,H,H,A,A,A,A,A,A,A,A,A,A,A,A,A,A,A,A,A,A,A,A,A,A,A,A,A,A,A,A,H,A,A,H,H,H,H,H,H,H,H,H,H,H,H,H,H,A,A,A,A,A,H,H,H,H,H,A,A,A,A,A,A,A,A,A,A,A,A,A,A,A,A,A,A,A,A,A,A,A
90,49,0,H,H,H,A,A,A,A,A,A,A,A,A,A,A,A,A,A,A,A,A,A,A,A,A,A,A,A,A,A,A,A,A,A,A,A,A,A,A,A,A,A,A,H,A,H,H,A,A,A,H,H,H,A,A,A,A,A,A,A,A,A,A,A,A,A,A,A,A,A,A,A,A,A,A,A,A,A,A,A,A,A,A,A,A,A,A,A,H,A,H,H,H,H,H,H,H,H,H,H,H,H,H,H,H,H,H,H,H,A,H,H,H,A,A,A,A,A,A,H,A,A,A,A,A,A,A,A,A,A,A,A,A,A,H,A,A,A,A,A,A,A
95,62,0,A,A,A,A,A,A,A,A,A,A,A,A,A,A,A,A,A,A,A,A,A,A,A,A,A,A,A,A,A,A,A,A,A,A,H,H,H,H,H,H,H,H,H,H,H,H,H,H,H,H,H,H,H,H,A,H,H,H,A,A,H,H,H,H,H,H,A,A,A,A,A,A,H,H,H,H,A,H,H,H,A,A,H,A,A,A,A,A,H,H,H,H,A,A,A,A,H,A,H,A,H,H,H,H,A,A,A,A,A,H,H,H,H,H,H,H,A,A,H,H,A,A,A,A,A,A,A,A,A,A,A,A,A,A,A,A,A,H,H,H,H
106,62,0,H,H,A,A,A,A,A,A,A,A,A,A,A,A,A,A,A,A,A,A,A,H,H,H,H,H,H,H,H,H,H,H,A,A,A,A,A,H,H,H,H,H,H,H,H,H,H,H,H,H,H,H,H,H,H,H,A,A,A,A,A,A,A,A,A,A,A,H,H,H,A,A,H,H,A,A,A,A,A,A,A,A,A,A,A,A,A,A,A,A,A,A,A,A,H,H,H,H,H,H,H,H,H,H,H,H,H,A,A,A,A,A,A,A,A,A,A,A,A,A,A,A,A,A,A,A,A,A,H,A,A,A,A,A,A,A,A,A,A,A,A
126,49,0,A,A,A,A,A,A,A,A,A,A,A,A,A,A,A,A,A,A,H,H,H,H,H,A,A,A,A,A,A,A,A,A,A,A,A,A,H,H,A,A,A,A,H,H,H,H,H,H,H,H,H,A,A,A,A,H,H,A,A,A,A,A,A,A,A,A,A,A,A,A,A,A,A,A,A,A,A,A,A,A,A,A,A,A,A,A,A,A,A,A,A,H,A,A,A,A,A,A,A,A,A,A,A,A,A,H,H,A,A,H,H,H,H,H,A,A,H,A,A,A,A,A,A,A,A,A,A,A,A,A,A,A,A,A,A,A,A,A,A,A,A
1,51.5,0,A,A,A,A,A,A,A,A,A,A,A,A,A,A,A,A,A,A,A,A,A,H,H,A,A,A,A,A,A,A,A,A,A,A,A,H,H,A,A,A,A,A,A,A,A,A,A,A,A,A,H,H,A,H,H,A,A,A,A,A,A,A,A,H,A,A,A,A,A,H,H,H,H,H,H,H,H,H,H,H,H,H,H,A,A,A,A,A,H,H,H,H,H,H,H,A,A,A,H,H,H,H,H,H,H,A,A,A,H,H,H,H,H,H,H,H,H,A,H,H,H,H,H,H,A,A,A,A,H,A,A,A,A,A,A,A,A,A,A,A,A
6,57,0,A,A,A,A,A,A,A,A,A,A,A,A,A,A,A,A,A,A,A,A,A,H,H,H,H,H,H,H,A,A,A,A,A,A,A,A,H,A,A,A,A,A,A,A,A,A,A,A,A,A,A,A,A,A,A,H,H,H,H,H,H,H,H,H,H,H,H,A,A,A,A,A,H,H,H,H,H,H,H,H,H,A,A,A,A,A,A,A,A,A,A,H,H,H,H,H,H,H,H,H,H,H,H,H,H,H,H,H,A,H,H,H,H,H,H,H,H,A,A,A,A,A,A,A,A,A,A,H,A,A,A,A,A,A,A,A,A,A,A,H,H
58,106.6,0,H,H,H,H,H,A,A,A,A,A,A,A,H,A,A,A,A,H,H,H,H,H,H,H,H,H,H,H,A,A,A,A,A,A,H,H,H,A,A,A,H,H,H,H,H,H,H,H,H,H,H,H,H,H,A,A,A,A,A,H,A,A,A,A,H,H,H,H,A,A,A,H,A,A,A,A,A,A,A,A,A,A,A,A,A,A,A,A,H,H,H,H,A,A,A,A,A,A,A,A,A,A,A,A,A,H,H,A,A,A,A,A,A,A,A,A,A,A,H,H,H,H,H,H,H,H,H,H,H,H,H,H,H,H,H,H,H,H,H,A,A
66,89,0,A,A,H,H,H,A,A,A,A,A,A,A,A,H,H,H,H,H,H,H,H,H,H,H,H,H,H,H,H,H,A,A,A,A,H,A,A,H,A,A,A,H,H,H,H,H,H,H,H,H,H,H,H,H,A,H,H,H,H,A,A,A,A,A,A,H,A,H,H,H,A,A,A,H,H,H,A,H,H,H,A,A,A,A,A,A,H,H,H,H,H,A,A,A,H,H,H,H,H,H,H,H,H,H,H,H,A,A,A,A,A,A,A,A,A,A,A,A,A,A,A,A,A,A,A,A,A,A,A,A,A,A,A,A,H,H,H,H,A,A,A
17,58.25,0,A,A,A,A,A,A,A,A,A,A,A,A,A,A,A,A,A,A,A,H,H,H,H,H,H,H,H,H,H,A,A,A,A,A,A,A,A,A,A,A,A,A,A,A,A,A,A,A,H,A,A,A,A,A,A,H,H,H,H,H,H,H,H,H,H,H,H,H,H,H,H,H,A,A,A,A,A,A,A,A,A,A,A,A,A,A,A,A,A,A,A,A,A,A,A,A,A,A,A,H,H,H,H,H,H,A,A,A,H,H,H,H,H,H,H,H,H,H,A,A,A,H,A,A,A,A,A,H,A,A,A,A,A,A,A,A,A,A,A,A,H
50,75,0,H,H,A,A,A,A,A,A,A,A,A,A,A,A,A,A,A,H,H,A,A,H,H,H,H,H,H,A,A,A,A,A,A,A,H,H,H,H,H,H,H,H,H,H,H,H,H,H,H,H,H,H,H,H,H,A,H,H,H,H,H,H,H,H,H,H,H,A,A,A,A,A,A,A,A,A,A,A,A,A,A,A,A,A,A,A,A,A,A,A,A,H,A,A,A,A,A,A,A,A,A,A,A,A,A,A,H,H,H,H,H,H,H,H,H,H,H,H,H,H,H,H,H,H,H,H,H,H,A,A,A,A,A,H,H,H,H,H,H,H,H
49,47.5,0.5,A,A,A,A,A,A,A,A,A,A,A,A,A,A,A,A,A,A,A,A,A,A,A,A,A,A,A,A,A,A,A,A,A,A,A,A,A,A,A,A,A,A,A,A,A,A,A,A,A,A,A,A,A,A,H,A,A,A,A,A,A,A,A,A,A,A,A,A,H,H,A,A,A,A,A,A,A,A,A,A,A,A,A,A,A,A,A,A,A,A,H,H,A,A,A,A,A,A,A,A,A,A,A,A,A,H,H,H,H,H,H,H,H,H,H,H,H,H,A,A,A,A,A,A,A,A,A,A,A,A,A,A,A,A,A,A,A,A,A,A,A
92,68.67,0.5,H,A,H,A,A,A,A,A,A,A,A,A,A,A,A,A,H,H,H,H,H,A,A,A,A,A,A,A,A,A,A,A,A,A,A,A,A,A,A,A,A,A,A,A,A,A,A,A,A,A,A,A,A,A,H,A,A,A,A,A,A,A,A,A,A,A,A,A,A,A,H,H,H,H,A,A,A,A,A,A,A,A,A,A,A,H,H,H,A,A,A,A,A,H,H,H,H,H,H,A,A,A,A,A,A,A,A,A,A,A,A,A,A,A,A,A,A,A,H,H,H,H,H,H,H,H,H,H,H,H,A,A,A,A,A,A,A,A,H,H,H
100,80.5,0.5,A,H,H,A,A,A,A,A,A,A,A,A,A,A,A,A,A,A,A,A,A,A,A,A,A,A,A,A,H,H,A,A,A,H,A,A,A,A,A,A,A,A,A,A,A,A,A,A,A,A,A,A,A,A,A,H,H,H,H,H,A,A,A,A,A,H,H,H,H,H,H,H,H,H,H,H,H,H,H,H,H,H,A,A,A,A,H,H,H,H,H,H,H,H,H,H,H,H,H,H,H,H,H,H,H,A,A,A,A,H,H,H,A,H,H,H,A,A,A,A,A,A,A,A,A,A,A,A,H,H,H,H,H,H,H,A,A,A,A,A,A
113,74.75,0.5,A,A,A,A,A,A,A,A,A,A,A,H,H,H,H,H,A,A,A,A,A,A,A,H,H,H,H,H,H,H,A,A,A,A,H,H,H,A,A,A,A,A,A,A,A,A,A,A,A,A,A,A,A,A,A,H,A,A,A,A,A,A,A,A,A,A,A,A,A,A,A,A,A,A,H,H,H,H,H,H,H,H,A,H,H,H,H,H,A,A,A,A,A,A,A,A,A,A,A,A,H,H,H,H,H,A,A,A,A,A,A,A,A,A,A,H,H,H,H,H,H,H,H,H,H,A,A,A,A,A,A,A,A,H,A,A,A,A,A,A,A
119,82.6,0.5,H,A,A,H,H,A,A,A,A,A,A,A,H,H,A,A,A,A,H,H,A,A,A,A,A,A,A,A,A,A,A,A,A,H,A,A,A,A,A,A,A,A,A,A,H,H,H,H,H,H,H,H,H,H,H,H,H,H,H,H,H,A,A,A,A,A,A,A,A,A,A,A,A,A,A,H,H,H,H,H,H,H,H,A,A,A,A,A,A,A,A,A,A,A,H,H,H,A,H,H,H,H,H,H,H,A,A,A,A,A,A,A,A,A,A,A,A,A,A,A,A,A,A,A,H,H,H,H,A,A,A,A,A,A,A,A,A,A,A,A,H
120,56,0.5,A,A,A,A,A,A,A,A,A,A,A,A,A,A,A,A,A,A,A,A,A,H,H,H,H,H,H,H,H,A,A,H,H,A,A,A,A,A,A,A,A,A,A,A,A,H,H,A,H,H,H,A,A,A,A,H,H,H,H,H,H,H,H,H,H,H,H,A,A,H,A,A,A,A,A,A,A,A,A,A,A,A,A,A,A,A,A,A,A,A,A,A,A,A,A,A,A,A,A,A,A,A,A,A,A,A,A,A,A,H,H,H,H,H,H,H,H,H,A,A,A,A,A,A,A,A,A,A,A,A,A,A,A,A,A,A,A,A,A,H,H
136,90.25,0.5,H,H,H,A,A,A,A,A,A,A,A,A,H,H,H,H,H,H,H,H,H,H,H,H,H,H,H,H,H,A,A,A,A,A,A,A,A,A,A,A,A,H,H,H,H,H,H,H,H,H,H,H,H,H,H,H,H,A,H,H,H,H,H,H,A,A,A,A,A,A,A,A,A,A,A,A,A,A,A,A,A,A,A,A,A,A,H,H,H,H,A,A,A,A,H,H,H,H,H,A,A,H,H,H,H,A,A,A,A,A,A,A,H,H,H,H,H,H,H,H,H,A,A,A,A,A,A,A,H,A,A,A,A,A,A,A,A,A,A,A,A
137,89,0.5,A,A,A,A,A,A,A,A,A,A,A,A,A,A,A,A,A,A,A,A,A,A,A,A,A,A,A,A,A,A,A,A,A,H,H,A,A,A,A,A,H,A,A,A,A,A,A,A,A,A,A,A,A,A,A,A,A,A,A,A,A,A,A,A,A,H,A,A,A,A,A,A,A,A,A,A,A,A,A,A,A,A,A,A,A,A,H,A,A,A,A,A,H,H,H,H,H,H,H,H,H,H,H,H,H,H,A,A,A,A,A,A,H,H,H,A,A,A,H,H,H,H,H,H,H,H,H,A,H,H,H,H,H,A,A,A,A,A,A,A,A
3,83.6,0.5,H,A,A,A,A,A,A,A,A,A,A,A,A,A,A,A,A,A,H,H,H,H,H,H,H,H,H,H,H,H,A,H,H,H,A,A,A,A,A,A,A,A,A,A,A,A,A,A,A,A,H,A,A,A,A,H,H,H,H,H,H,A,A,A,H,H,H,A,A,A,A,A,H,H,H,H,H,H,H,H,H,H,H,A,A,A,H,H,H,H,H,H,H,H,H,H,H,H,H,H,H,H,H,H,H,H,H,H,A,H,H,H,H,H,H,H,A,A,A,A,A,A,A,A,A,A,A,A,A,A,H,H,H,A,A,A,H,H,H,H,H
84,57.5,0.5,H,A,A,A,A,A,A,A,A,A,A,A,A,A,A,A,H,H,A,A,A,H,H,H,H,H,H,H,H,A,A,A,A,A,A,A,A,A,A,A,A,A,A,A,A,A,A,A,A,A,A,A,A,A,A,H,H,H,H,H,H,H,H,H,H,H,A,A,A,A,A,A,A,A,A,A,A,A,A,A,A,A,A,A,A,A,A,H,H,H,H,H,H,H,H,H,H,H,H,H,H,H,H,H,H,A,A,A,A,A,A,A,A,A,A,A,A,A,H,A,A,A,A,A,A,A,A,A,H,H,H,H,H,H,H,H,A,A,A,A,A
93,64.25,0.5,A,A,A,A,A,A,A,A,A,A,A,A,A,A,A,A,A,A,A,A,A,A,A,A,A,A,A,A,A,A,A,A,A,A,H,H,H,H,H,A,A,A,A,A,A,A,A,A,A,A,A,A,A,A,A,A,A,A,A,A,A,A,A,A,A,A,A,A,A,A,A,A,H,H,A,A,A,A,A,A,A,A,H,A,A,H,H,H,H,H,H,H,A,A,A,H,H,H,H,H,H,H,H,H,H,A,H,H,H,H,H,H,H,H,H,H,A,A,H,A,H,H,H,H,H,H,A,A,A,A,A,A,A,A,A,H,H,H,A,A,A
125,63.4,0.5,H,H,H,A,A,A,A,A,A,A,A,A,A,A,A,A,A,A,A,A,A,H,H,H,H,H,H,A,A,A,A,A,A,A,A,A,H,A,A,A,A,A,A,A,A,A,A,A,A,A,A,A,A,A,A,H,H,H,A,A,A,A,A,A,A,A,A,A,A,A,A,A,A,A,A,A,A,A,A,A,A,A,A,A,A,A,A,A,A,A,A,H,H,H,H,H,H,H,H,H,A,H,H,H,H,H,A,A,A,A,A,A,A,A,A,A,A,A,A,A,A,A,A,H,A,A,A,A,A,H,H,H,H,A,A,A,A,A,A,A,H
138,65.5,0.5,H,A,A,A,A,A,A,A,A,A,A,A,A,A,A,H,A,A,H,H,H,A,H,H,H,H,H,H,H,H,A,A,H,H,A,A,A,A,A,H,H,A,A,A,A,A,A,A,A,A,H,A,A,A,H,A,A,A,A,A,A,A,A,H,H,H,A,A,A,A,A,A,A,A,A,A,A,A,A,A,A,A,A,A,A,A,H,H,H,H,H,H,H,H,H,H,H,H,H,H,H,H,H,H,H,A,A,A,A,H,H,H,H,H,H,H,H,H,A,A,A,A,A,A,H,H,H,H,H,H,H,H,H,A,A,A,A,A,A,A,H
159,71.75,0.5,A,A,A,A,A,A,A,A,A,A,A,A,A,A,A,A,A,A,A,A,A,A,A,A,A,A,A,A,A,A,A,A,A,A,H,H,H,H,H,H,H,H,H,H,H,H,H,H,H,H,H,H,H,H,H,H,H,H,H,H,H,H,H,H,H,H,H,H,A,A,A,H,H,H,H,H,H,H,H,H,H,H,H,A,A,A,A,A,A,A,A,A,H,H,H,H,H,H,H,H,H,H,H,H,H,H,A,A,A,A,A,A,A,A,A,A,A,A,H,A,A,A,A,A,A,A,A,A,A,A,A,A,A,A,A,A,A,A,A,H,H
4,77.6,0.5,H,H,H,H,H,A,A,A,A,A,A,A,A,A,A,A,A,H,H,H,H,A,A,A,A,A,A,A,A,H,A,A,A,A,A,A,A,H,H,H,A,A,A,A,A,A,A,A,A,A,H,H,H,H,H,H,A,A,A,A,A,A,A,A,A,A,A,A,A,A,A,H,H,H,H,H,H,H,H,H,H,H,H,A,A,A,A,H,H,H,H,H,H,A,A,A,A,A,A,A,H,H,H,H,H,A,H,A,A,A,A,A,A,A,A,A,A,H,H,H,A,A,H,H,H,H,A,A,A,H,A,H,A,A,A,A,A,A,A,A,A
57,84.33,0.5,A,A,A,A,A,A,A,A,A,A,A,H,H,H,H,H,H,A,A,A,A,A,A,A,A,A,A,A,A,A,A,A,H,A,H,H,H,A,A,A,A,A,A,A,A,A,A,A,A,A,A,A,A,A,H,H,H,A,A,A,A,A,A,A,A,A,A,A,A,A,A,A,A,A,A,A,H,H,H,H,H,A,A,A,A,A,A,A,H,H,A,A,A,A,A,A,A,A,A,A,A,A,A,A,A,A,A,A,H,H,H,H,H,H,H,H,H,H,H,H,H,H,H,H,H,H,H,H,H,H,H,H,H,H,H,H,A,A,A,A,A
69,63.4,0.5,H,H,H,H,H,H,A,A,A,H,H,A,A,A,A,A,A,A,A,A,A,A,A,A,A,A,A,A,A,A,A,A,A,A,H,H,H,H,H,H,H,H,H,H,H,H,H,H,H,H,H,H,H,H,H,H,H,H,H,H,A,A,A,A,A,A,A,H,H,H,A,A,A,A,A,A,A,A,A,A,H,H,H,A,H,A,H,H,H,H,A,A,A,A,A,A,A,A,A,H,H,H,H,H,H,H,H,H,A,H,H,H,H,H,H,H,H,H,A,A,A,A,A,A,A,A,A,A,A,H,H,H,H,A,A,A,A,A,A,A,A
83,75.25,0.5,H,A,A,A,A,A,A,A,A,A,A,A,A,A,A,A,H,A,A,A,A,H,H,H,H,H,H,A,A,A,A,A,A,A,A,A,A,A,A,A,A,A,A,A,A,A,A,A,A,A,A,A,A,A,A,H,H,H,H,H,H,H,H,H,A,A,A,A,A,A,A,A,A,A,A,A,A,A,A,A,A,A,A,A,A,A,A,A,A,A,A,H,H,H,H,H,H,H,H,H,H,H,H,H,H,H,H,A,A,A,A,A,A,A,A,H,H,H,H,A,A,A,A,A,A,A,H,H,H,H,H,H,H,H,A,A,A,A,A,A,A
150,68.75,0.5,A,A,A,A,A,A,A,A,A,A,A,A,H,H,H,H,H,A,H,A,A,H,H,H,A,A,A,A,H,H,H,H,H,H,A,A,A,A,A,A,H,H,H,H,H,H,H,H,H,H,A,A,A,A,A,A,A,A,A,A,A,A,A,A,H,H,H,A,A,A,A,A,A,A,A,A,A,A,A,A,A,A,A,A,A,A,A,H,H,H,H,H,H,H,H,H,H,H,H,H,H,H,H,H,H,H,A,H,H,H,H,H,H,H,H,H,H,H,A,A,A,A,A,A,A,A,A,H,A,A,A,A,A,H,A,A,A,A,A,A,A
15,52.5,0.5,H,H,H,H,A,A,A,A,A,A,A,A,A,A,A,A,A,A,A,A,A,H,H,H,H,H,H,H,H,H,A,A,A,A,H,A,A,A,A,A,A,A,A,A,A,A,A,A,A,A,A,A,A,A,A,A,H,H,H,H,H,H,H,H,H,H,H,A,A,A,A,A,A,A,H,H,H,H,H,H,H,H,A,A,A,A,A,A,A,H,H,H,A,H,H,H,H,H,H,H,H,H,H,H,H,H,H,H,A,H,H,H,H,H,H,H,H,A,A,A,A,A,A,A,A,A,A,A,A,H,A,A,A,A,A,A,H,H,H,H,H
52,67,0.5,A,A,A,A,A,A,A,A,A,A,A,A,A,A,A,A,A,H,H,A,A,A,A,A,A,A,A,A,A,A,A,A,H,H,A,A,A,A,A,A,A,A,A,A,A,A,A,H,H,H,A,A,A,A,A,H,H,H,H,H,H,A,H,H,A,A,A,A,A,A,A,A,A,A,A,A,A,A,A,A,A,H,H,A,A,H,H,H,A,A,A,A,H,H,H,H,A,A,A,A,A,A,A,A,A,A,A,A,H,H,H,H,H,A,A,A,A,A,A,A,A,A,A,A,A,A,A,A,H,A,A,H,A,A,A,A,A,A,A,A,A
44,67,0.5,H,H,H,A,A,A,A,A,A,A,A,H,H,H,H,H,A,A,A,A,A,A,A,A,A,A,A,A,A,A,H,H,H,H,H,H,H,A,A,A,A,A,A,A,A,A,A,A,A,A,A,A,A,A,A,H,H,H,A,A,A,A,A,A,A,A,A,A,A,A,A,A,A,A,A,A,A,H,H,H,A,A,A,A,A,A,A,A,A,A,A,H,A,A,H,H,H,H,H,A,A,A,A,A,A,H,H,H,H,H,H,H,H,H,H,H,H,A,H,H,H,H,H,H,H,H,H,H,H,H,H,H,H,H,H,H,H,H,A,A,A
91,84.2,0.5,H,A,A,A,A,A,A,A,A,A,A,H,H,H,H,H,H,A,A,A,A,H,H,H,H,H,H,H,H,H,H,H,A,H,A,A,A,A,A,A,A,A,A,A,H,H,H,H,H,H,H,H,H,H,H,H,H,H,H,H,H,H,H,A,A,A,A,A,A,A,A,H,H,H,H,H,H,H,H,H,H,H,A,A,A,A,A,A,A,A,A,A,H,H,H,H,H,H,H,H,H,H,H,H,H,A,A,A,A,A,A,A,A,A,A,A,A,A,A,A,A,A,A,A,A,A,A,H,A,A,A,A,A,A,A,A,A,A,A,A,A
109,108,0.5,A,A,A,A,A,A,A,A,A,A,A,H,H,H,H,H,A,A,A,A,A,H,H,H,H,H,H,A,A,H,H,H,H,H,A,A,A,A,A,A,H,H,H,H,H,H,H,H,H,H,H,A,A,A,A,H,H,H,H,H,H,A,A,A,A,H,A,A,H,H,A,A,A,A,A,A,H,H,H,H,H,H,H,A,A,A,A,A,A,A,A,A,H,H,H,H,H,H,H,A,A,A,A,A,A,A,A,A,A,A,A,A,A,A,A,H,A,A,H,H,H,H,H,H,H,H,H,H,A,A,A,A,A,A,A,A,A,A,A,A,A
14,59.25,0.5,A,A,A,A,A,A,A,A,A,A,A,A,A,A,A,A,A,A,A,A,H,A,A,A,A,A,A,A,A,A,A,A,A,A,H,A,A,A,A,A,A,A,A,A,H,H,H,A,A,A,H,A,A,A,A,A,A,A,A,A,A,A,A,A,A,A,A,A,A,A,A,A,A,A,A,A,A,A,A,A,A,A,A,A,A,A,A,A,A,A,A,H,H,H,H,H,A,A,H,H,H,H,H,H,A,A,A,A,A,H,H,A,A,A,A,A,A,H,A,A,A,A,A,A,A,A,A,A,A,A,A,A,A,A,A,A,H,A,A,A,A
67,77.33,0.5,A,A,A,A,A,A,A,A,A,A,A,H,H,H,H,H,H,A,A,A,A,H,H,H,H,H,H,H,H,H,H,H,H,H,A,A,A,A,A,A,A,A,A,A,A,H,H,H,H,H,H,H,H,H,H,H,H,H,H,H,H,H,H,H,H,H,H,A,A,A,A,H,H,H,H,H,H,H,H,H,H,H,H,A,A,A,H,H,H,H,H,H,H,H,H,H,H,H,H,H,H,H,H,H,H,H,H,H,H,H,H,H,H,H,A,A,A,A,H,H,H,H,H,H,A,A,A,A,H,A,A,A,A,A,A,A,H,H,H,H,H
82,71,0.5,A,A,A,A,A,A,A,A,A,A,A,A,A,A,A,A,A,A,A,H,H,A,A,A,A,A,A,A,A,A,A,A,A,A,A,A,A,A,A,H,A,A,A,A,A,A,A,A,A,A,A,A,A,A,A,H,H,H,H,H,H,H,H,H,H,H,H,H,H,H,A,A,A,A,A,A,A,A,A,A,A,A,A,A,A,H,H,H,H,H,H,H,A,A,H,H,H,H,H,H,H,H,H,H,H,H,H,H,A,A,A,A,A,A,A,A,A,A,A,A,A,H,A,A,A,A,A,A,A,H,H,H,H,H,H,H,H,H,H,A,A
131,60.5,0.5,H,H,H,H,H,H,A,A,A,A,A,A,A,H,H,H,H,H,H,H,H,A,A,A,A,A,A,A,A,A,A,A,A,A,A,A,A,A,A,A,A,A,A,A,H,H,H,H,H,H,H,H,H,H,H,H,H,H,H,H,H,H,H,H,H,H,H,A,A,A,A,A,A,A,A,A,A,A,A,A,A,A,A,A,A,A,A,A,A,A,A,A,H,H,H,H,H,H,H,A,A,A,A,A,A,A,A,H,A,H,H,A,A,A,A,A,A,A,A,A,A,A,A,A,A,A,A,H,A,H,A,A,A,H,H,H,A,A,A,A,A
29,61.6,0.5,H,A,A,A,A,A,A,A,A,A,A,A,H,H,H,A,A,A,A,A,A,H,H,H,H,H,H,H,H,H,A,A,A,A,A,A,A,H,H,H,H,H,H,H,A,A,A,A,H,H,H,H,H,H,H,A,H,H,H,H,H,A,A,A,A,A,A,A,A,A,A,A,H,H,H,H,H,H,H,H,H,H,H,A,A,H,H,H,H,H,H,H,H,H,H,H,H,H,H,H,H,H,H,H,H,A,A,A,A,A,A,A,A,A,A,A,A,H,A,A,A,A,A,A,A,A,A,H,A,A,A,A,H,H,A,A,H,H,A,A,A
41,63,0.5,A,A,A,A,A,A,A,A,A,A,A,A,A,A,A,H,H,H,H,A,A,A,A,A,A,A,A,A,A,A,H,H,H,A,A,A,A,H,H,H,H,H,H,H,H,H,H,A,H,H,H,H,A,A,A,A,A,A,A,A,A,A,H,H,A,A,A,A,A,A,A,H,H,H,H,H,H,H,H,H,H,H,H,A,A,H,H,H,H,H,H,H,H,H,H,H,A,A,A,H,H,H,H,H,A,A,A,A,H,H,H,H,H,H,H,H,H,A,A,A,A,H,H,H,H,H,H,A,A,A,A,A,A,H,A,A,A,A,A,A,A
81,56.6,0.5,H,H,A,A,A,A,A,A,A,A,A,A,A,A,A,A,A,A,A,A,A,A,A,H,H,H,H,H,H,H,A,A,A,A,A,A,A,H,H,H,H,H,H,H,H,H,H,H,H,H,H,H,H,H,A,H,H,A,A,A,A,A,A,A,A,A,A,A,A,A,A,A,H,H,H,A,A,A,A,A,A,A,H,A,A,A,A,A,A,A,A,H,H,H,H,H,H,H,H,H,H,H,H,H,H,H,A,A,A,A,A,A,A,A,A,A,A,A,A,A,A,A,A,A,A,A,A,A,A,A,A,A,A,A,A,A,A,A,A,A,A
88,70,0.5,H,H,H,H,H,A,A,A,A,A,A,A,A,A,A,A,H,A,H,H,H,H,H,H,H,H,H,H,A,A,A,A,A,A,H,H,H,H,A,A,A,A,H,H,H,H,H,A,A,H,H,H,A,A,A,H,A,A,A,A,A,A,A,A,A,A,A,A,A,A,A,H,A,A,A,A,A,A,A,A,A,A,H,A,A,A,A,A,A,A,A,A,A,A,H,H,H,H,H,H,H,H,H,H,H,H,H,H,A,H,H,H,H,H,H,H,H,H,A,A,A,A,A,A,A,H,H,H,A,A,A,A,A,A,A,A,A,A,A,A,A
104,69,0.5,H,A,A,H,H,A,A,A,A,A,A,A,A,A,A,A,A,A,H,H,H,H,H,A,A,A,A,A,A,A,A,A,H,H,A,A,A,A,A,A,A,A,A,A,H,H,A,A,A,H,H,A,A,A,A,H,H,H,H,H,H,A,A,A,A,A,A,A,A,A,A,A,A,H,H,H,H,H,H,H,H,A,A,A,A,A,H,H,H,H,H,H,H,H,H,H,H,H,H,H,H,A,A,A,H,H,H,A,A,A,A,A,A,A,A,A,A,A,A,A,H,A,A,H,H,H,H,H,A,A,A,H,A,A,A,A,A,A,A,A,A
117,82,0.5,H,H,H,H,H,H,A,A,A,A,A,A,H,H,H,H,H,A,H,A,A,H,H,H,H,H,H,H,H,H,A,H,A,H,H,A,A,A,A,A,A,A,A,A,H,A,H,H,H,H,H,H,H,H,A,H,H,H,A,A,A,A,A,A,A,A,A,A,A,A,A,A,A,A,A,A,A,A,A,A,A,A,H,A,A,A,A,H,H,H,H,H,A,A,A,A,A,A,A,A,A,A,A,A,A,H,H,A,A,H,H,H,H,A,A,A,H,H,A,A,A,A,H,A,A,A,A,H,H,H,H,H,H,H,A,A,H,H,H,A,H
154,57.6,0.5,H,H,H,H,H,H,A,A,A,A,A,A,H,H,H,H,H,H,H,H,A,A,A,A,A,A,A,A,A,A,A,A,A,A,H,H,H,H,H,H,H,H,H,H,H,H,H,H,H,H,H,H,H,H,H,A,A,A,A,H,H,H,H,H,H,H,H,A,A,A,A,A,A,A,A,A,A,A,A,A,A,A,A,A,A,A,A,A,H,H,H,H,H,H,H,H,H,H,H,H,H,H,H,H,H,H,H,H,H,H,H,H,H,H,A,A,A,A,A,A,A,A,A,A,A,A,A,A,H,H,H,H,A,A,A,A,A,A,A,A,A
42,76.2,0.5,H,H,H,H,H,H,A,A,A,A,A,H,H,A,A,H,H,A,H,A,A,A,A,H,H,A,A,A,A,A,H,H,H,H,H,H,H,H,H,H,H,H,H,A,A,A,A,A,A,A,A,A,A,A,A,A,A,A,A,H,H,H,H,H,H,A,A,A,A,A,H,H,H,H,A,A,A,A,A,A,A,A,A,A,A,H,H,H,H,H,H,H,A,A,A,A,H,H,H,H,H,H,H,H,H,A,A,H,H,H,H,H,H,H,H,A,A,A,H,A,A,A,A,A,H,A,A,A,H,H,H,H,A,A,A,A,H,H,H,H,H
10,47,1,A,A,A,A,A,A,A,A,A,A,A,A,A,A,A,A,A,A,H,A,A,A,A,A,A,A,A,A,A,A,A,A,A,A,A,A,A,A,A,A,A,A,A,A,A,A,A,A,A,A,H,A,A,A,A,H,H,H,H,A,H,H,A,A,A,A,A,A,A,A,A,A,A,A,A,A,A,A,A,A,A,A,A,A,A,A,A,H,H,H,H,H,H,H,H,H,H,H,H,H,H,H,H,H,H,H,H,H,A,H,H,H,H,H,H,H,H,H,H,A,A,A,A,H,A,A,A,A,A,A,A,A,H,A,A,A,A,A,A,A,A
18,70.6,1,A,A,A,A,A,A,A,A,A,A,A,A,A,A,A,A,A,A,A,A,A,A,A,A,A,A,A,A,A,A,A,A,A,A,H,H,H,H,H,H,H,H,H,H,H,H,H,H,H,H,H,H,A,A,H,H,H,H,H,H,H,H,A,A,A,A,A,A,A,A,A,A,A,A,A,A,A,A,A,A,A,A,A,H,H,H,A,A,A,A,A,A,H,H,H,H,H,H,H,H,H,H,H,H,H,A,H,H,H,H,H,H,H,H,H,H,H,H,A,A,A,A,A,A,A,A,A,A,A,A,A,A,A,A,A,A,A,A,A,A,A
48,72.5,1,H,H,A,A,A,A,A,A,A,A,A,A,A,A,H,H,H,H,A,A,A,H,H,A,A,A,A,A,A,A,A,A,A,A,H,H,H,A,A,A,A,A,A,A,A,A,A,A,A,A,A,A,A,A,A,H,H,H,H,A,A,A,A,A,A,A,A,A,A,H,A,A,A,A,A,A,A,A,A,A,A,A,A,A,A,H,H,H,H,H,H,H,H,H,H,A,A,A,A,A,A,A,A,H,H,A,H,H,A,A,A,A,A,A,A,A,A,A,H,A,A,A,A,A,A,A,A,A,A,H,A,A,A,A,A,H,H,H,H,H,H
78,92,1,H,A,A,A,A,A,A,A,A,A,A,A,A,A,A,A,A,A,H,H,A,A,A,A,A,A,A,A,A,A,A,A,A,A,A,A,A,A,A,A,A,A,A,A,A,A,A,A,A,H,H,H,H,H,H,H,H,H,H,H,H,H,H,H,H,H,A,A,A,A,A,A,H,H,H,H,H,H,H,H,H,A,H,A,A,A,A,A,A,A,A,A,A,A,A,A,A,A,A,A,H,H,H,H,H,H,H,A,A,A,A,A,A,A,A,A,A,A,A,A,A,A,A,A,A,A,A,A,A,A,A,A,A,A,A,A,A,A,A,A,A
86,80.5,1,H,H,H,H,H,H,A,A,A,A,A,H,H,H,A,A,A,A,A,A,A,A,A,A,A,A,A,A,A,A,H,H,H,H,A,A,A,H,H,H,H,H,H,H,H,H,H,H,H,H,H,H,H,H,H,H,H,H,H,H,H,H,A,A,A,A,A,A,A,A,A,A,H,H,H,H,H,H,H,H,H,H,H,A,A,A,A,A,A,A,H,H,A,H,H,H,H,H,H,H,H,H,H,H,H,A,A,A,A,A,A,A,A,A,A,A,A,A,A,A,A,A,A,A,A,A,A,H,A,H,A,A,A,A,H,H,H,H,H,H,H
96,64.25,1,H,H,H,A,A,A,A,A,A,A,A,H,A,H,H,H,H,H,H,H,H,H,H,A,A,A,A,A,A,A,A,A,A,A,H,A,A,A,A,A,A,A,A,A,A,A,A,A,A,A,A,A,A,A,A,H,H,H,H,H,H,H,H,H,A,A,A,A,H,H,A,A,A,A,H,H,H,H,H,H,H,H,A,A,A,A,H,H,H,H,H,H,H,H,H,H,H,H,H,H,H,H,H,H,H,A,H,H,H,H,H,H,A,A,A,A,A,A,A,A,A,A,A,A,A,A,A,H,H,H,H,H,H,H,A,A,A,A,A,A,A
103,72,1,H,H,H,H,H,H,A,A,A,A,A,A,A,A,A,A,A,A,A,A,A,H,H,H,H,H,H,H,H,A,A,A,A,A,H,H,H,H,H,H,A,H,H,H,H,H,H,H,H,H,H,H,H,H,H,A,A,A,A,H,H,H,H,H,H,H,H,H,H,H,A,A,A,A,A,A,A,A,A,A,A,A,A,A,A,A,A,A,A,A,H,H,H,H,H,H,H,H,A,A,A,A,A,A,A,A,A,A,A,A,A,A,A,A,H,H,H,H,H,H,H,A,A,A,A,A,A,H,H,H,H,H,H,H,H,H,H,H,H,H,H
133,71.5,1,A,A,H,H,H,H,A,A,A,A,A,A,A,A,A,A,A,A,A,A,A,A,A,A,A,A,A,A,H,A,H,H,H,A,A,A,A,A,A,A,A,A,A,A,A,A,A,A,A,A,A,A,A,A,A,A,A,A,A,H,H,H,H,H,H,H,H,A,A,A,A,A,H,H,H,H,H,H,H,H,H,H,H,A,A,A,A,A,A,A,A,A,H,H,H,H,A,A,A,A,A,A,A,A,A,H,H,A,A,A,A,A,H,H,H,H,H,H,A,A,A,A,A,A,A,A,A,A,H,H,H,A,A,A,A,H,A,A,A,A,A
161,96,1,A,A,A,A,A,A,A,A,A,A,A,A,A,A,A,A,A,A,H,H,H,A,A,A,A,A,A,A,A,A,A,A,A,A,A,H,H,H,H,H,H,H,H,H,H,H,H,H,H,H,H,H,H,H,H,H,A,A,A,A,A,A,H,H,H,A,A,A,A,A,A,H,H,H,H,H,H,H,H,H,A,A,A,H,H,H,H,H,H,H,H,H,H,H,H,H,H,H,H,H,H,A,A,A,A,A,A,A,A,A,A,A,A,A,A,A,A,A,A,A,A,A,A,A,A,A,A,A,A,A,A,A,A,H,H,H,H,H,H,H,H
123,62.2,1,H,H,H,A,A,A,A,A,A,A,A,A,A,A,A,A,A,A,A,A,A,H,H,H,H,H,H,H,H,H,H,H,H,H,H,A,H,A,A,A,A,A,A,A,A,A,A,A,A,H,H,A,A,A,A,A,H,A,A,H,H,A,A,A,A,A,A,A,A,A,A,A,A,A,A,A,A,A,A,A,A,A,A,A,A,A,A,A,A,A,A,A,A,A,H,H,H,H,H,A,A,A,A,A,A,H,A,A,A,A,H,H,H,A,A,A,A,A,A,A,A,A,A,A,A,A,H,H,A,A,A,A,A,A,A,A,A,A,A,A,H
108,74,1,H,A,A,H,H,A,A,A,A,A,A,H,H,H,H,H,A,A,A,H,H,H,H,H,H,H,H,A,A,A,A,A,A,A,A,A,A,H,A,A,A,A,A,A,A,A,A,A,A,A,A,A,A,A,A,H,H,H,H,H,H,H,H,H,H,A,A,A,H,H,A,H,A,A,A,H,H,H,H,H,H,H,H,A,A,A,A,A,A,A,A,A,H,H,H,H,H,H,H,A,A,A,A,A,A,H,H,A,A,A,A,A,A,A,A,A,A,A,H,H,H,H,H,H,H,H,H,H,H,A,A,A,A,A,A,A,A,A,A,A,A
36,73.8,1,A,A,A,A,A,A,A,A,A,A,A,H,H,H,H,H,H,H,H,H,H,H,H,H,A,A,A,A,A,A,H,H,H,A,H,H,H,H,H,H,H,H,H,H,H,H,H,H,H,H,H,H,H,H,A,H,H,H,H,H,H,H,H,H,H,A,A,H,A,A,A,A,H,H,A,A,A,A,A,A,A,H,A,A,A,A,A,A,H,H,A,A,A,A,A,A,A,A,A,A,A,A,A,A,A,H,H,H,H,H,H,H,H,H,H,H,H,H,A,H,H,H,H,H,H,H,H,A,H,A,A,A,A,H,A,A,H,A,A,A,A
62,71,1,H,H,H,H,A,A,A,A,A,A,A,H,H,H,H,H,H,H,H,H,H,A,A,A,A,A,A,A,A,A,A,A,A,A,H,H,H,A,A,A,A,A,A,A,A,A,A,A,A,A,A,A,A,A,A,A,A,A,A,H,A,A,A,A,A,A,A,A,H,H,A,H,H,H,H,H,H,H,H,H,H,H,H,A,A,H,H,H,H,H,H,H,A,A,H,H,H,H,H,H,A,H,H,H,H,H,H,H,H,H,H,H,H,H,H,H,H,H,H,H,H,H,H,H,H,H,H,A,H,H,H,H,H,A,A,A,A,A,A,H,H
110,68,1,H,A,A,H,A,A,A,A,A,A,A,A,A,A,A,A,A,A,A,H,H,H,H,H,H,H,H,H,H,A,A,A,A,A,A,A,A,A,A,A,A,A,A,A,H,H,H,H,H,H,H,H,H,H,H,H,H,H,H,H,H,H,H,H,H,H,H,H,H,H,A,A,H,H,H,H,H,H,H,H,H,H,H,A,A,A,A,A,A,A,A,A,A,A,A,A,A,A,A,A,A,A,A,A,A,H,H,A,A,A,A,A,A,A,A,A,A,A,A,A,A,A,A,A,A,A,A,A,H,A,A,A,A,A,A,A,A,A,A,H,H
156,89.33,1,A,A,A,H,A,A,A,A,A,A,A,A,A,A,A,A,A,A,A,A,A,A,A,A,A,A,A,A,A,A,A,A,A,A,H,H,H,H,A,A,A,A,A,A,A,H,H,H,H,H,H,H,H,H,H,H,H,H,H,H,H,H,H,H,H,H,H,H,A,A,A,A,H,H,H,H,H,H,H,H,H,H,H,A,A,A,A,A,A,A,A,H,A,A,H,H,H,H,H,H,H,H,H,H,H,H,H,A,A,A,A,A,A,A,A,A,A,A,A,A,A,A,A,A,A,A,A,A,A,H,H,H,H,H,H,H,H,H,H,H,H
27,72,1,H,H,H,H,A,A,A,A,A,A,A,A,H,H,H,H,H,A,A,A,A,H,H,A,A,A,A,A,A,A,A,A,A,A,H,A,A,A,A,A,H,H,H,H,H,H,H,H,H,H,H,H,H,H,H,H,H,H,H,H,H,H,H,H,H,A,A,A,A,A,A,A,H,H,H,H,H,H,H,H,H,H,H,A,A,A,A,A,A,H,H,H,H,H,H,H,H,H,H,H,H,H,H,H,H,H,H,H,H,H,H,H,H,H,H,H,H,A,H,H,H,H,H,H,H,H,H,H,H,H,H,H,H,A,A,A,A,A,A,A,A
121,55.75,1,H,H,H,H,H,H,A,A,A,A,A,A,A,A,A,A,A,A,A,H,H,H,H,H,H,H,H,H,H,A,A,A,A,A,H,H,H,A,A,A,A,A,A,A,A,A,A,A,A,A,A,A,A,A,A,A,A,A,A,A,A,A,A,A,A,A,A,A,A,A,A,H,A,A,A,A,A,A,A,A,A,A,A,A,A,A,H,H,A,A,A,A,H,H,H,H,H,H,H,H,H,H,H,H,H,H,H,H,H,H,H,H,H,H,H,H,H,H,H,H,A,A,A,A,A,A,H,A,H,H,H,H,H,H,A,A,A,A,A,A,A
77,66.6,1,H,A,H,H,H,H,A,A,A,A,A,A,A,H,H,H,H,H,H,H,H,H,H,H,H,H,H,H,A,A,A,A,A,A,H,A,A,A,A,A,A,A,A,H,H,H,H,H,H,H,H,H,H,H,H,H,H,H,H,A,H,H,H,H,A,A,A,A,A,A,A,A,H,H,H,H,H,H,H,H,A,A,A,A,A,H,H,H,H,H,H,H,H,H,H,H,H,H,H,H,H,H,H,H,H,H,H,H,H,H,H,H,H,H,H,A,A,A,A,A,A,A,A,A,A,A,A,H,H,H,H,H,H,H,A,H,A,A,A,A,A
28,56.6,1,H,H,H,H,H,H,A,A,A,A,A,A,A,A,A,A,A,A,A,H,H,A,A,A,H,H,H,A,A,A,A,A,A,A,A,A,A,A,A,A,A,A,A,A,A,A,A,A,A,A,A,A,A,A,A,H,H,H,H,H,A,H,H,H,H,A,A,A,A,A,A,A,H,H,H,H,H,H,H,H,H,H,H,A,A,A,A,A,A,A,A,A,A,A,A,A,A,A,A,A,A,A,A,A,A,A,A,H,H,H,H,H,H,H,H,A,A,A,H,H,A,A,A,A,A,A,A,A,H,H,H,H,H,H,A,A,A,A,A,A,A
34,66.8,1,H,H,H,H,H,H,H,H,H,H,A,H,H,H,H,H,H,H,H,H,H,H,H,H,A,A,A,A,A,A,A,A,A,A,H,H,H,A,A,A,A,A,A,H,H,H,H,H,H,H,H,H,H,A,H,H,H,H,H,H,H,H,H,H,H,H,H,A,A,A,A,A,A,A,A,A,A,A,A,A,A,A,A,A,A,H,H,H,H,H,H,H,H,A,A,A,A,A,A,A,A,A,A,A,A,H,H,H,H,H,H,H,H,H,H,H,H,A,A,A,A,A,A,A,A,A,A,A,H,H,A,A,A,A,A,A,A,A,A,A,H
68,70.75,1,A,H,H,H,A,A,A,A,A,A,A,A,A,A,A,H,H,A,A,A,A,H,H,H,H,H,H,H,H,A,A,A,A,A,H,A,A,H,H,H,H,H,H,H,H,H,H,A,A,A,A,A,A,A,H,A,A,A,A,A,A,A,A,A,A,H,H,H,H,H,H,A,A,A,A,A,A,A,A,A,A,A,A,A,A,A,H,H,A,A,A,A,A,A,H,H,H,H,A,A,A,A,A,A,A,H,A,A,A,A,A,A,A,A,A,A,A,A,A,A,A,A,A,A,A,H,H,A,A,H,A,A,A,A,A,A,A,A,A,A,A
102,66.4,1,H,H,H,H,H,A,A,A,A,A,A,A,A,A,H,A,A,A,A,A,A,H,H,H,H,H,H,H,H,A,A,A,A,A,H,H,H,H,H,H,A,H,H,H,H,H,H,H,H,H,H,H,H,H,H,A,A,A,A,A,A,A,H,H,A,H,H,A,A,A,A,A,A,A,A,A,A,A,A,A,A,A,A,A,A,A,A,A,A,A,A,H,H,H,H,H,A,A,A,A,A,A,A,A,A,A,A,A,H,H,H,H,H,H,H,H,H,H,H,H,H,H,H,A,H,A,A,H,H,H,H,H,H,H,H,H,H,H,A,A,A
114,53,1,A,A,H,H,A,A,A,A,A,A,A,A,A,A,A,A,A,A,A,A,A,A,A,A,A,H,H,H,H,H,H,H,H,H,H,H,H,A,A,A,A,A,A,A,A,A,A,A,A,A,A,A,A,A,A,H,H,A,A,H,H,A,A,A,A,A,A,A,A,A,H,A,H,H,H,H,H,H,H,H,H,H,H,A,A,A,H,H,A,A,A,A,A,A,H,H,H,H,H,H,H,H,H,H,H,A,A,A,A,H,H,H,H,H,H,H,H,H,A,A,A,A,A,A,A,A,A,A,H,H,H,H,H,H,A,A,H,A,A,A,A
128,89.25,1,H,H,H,H,H,H,A,A,A,A,A,A,A,A,A,A,A,A,A,A,A,A,A,A,A,A,A,A,A,A,H,H,H,H,H,A,A,A,A,A,A,A,A,A,A,A,A,A,A,A,A,A,A,A,A,H,H,H,H,H,H,H,H,H,H,H,A,A,A,A,H,H,A,A,A,A,A,A,A,A,H,H,H,A,A,A,A,A,A,A,A,A,A,A,H,H,H,H,H,H,H,H,H,H,H,H,H,H,H,H,H,H,H,H,H,H,H,H,A,A,A,A,A,A,A,A,A,A,H,H,H,H,H,A,H,A,A,H,H,H,H
139,106.33,1,H,H,H,H,H,A,A,A,A,A,A,A,A,H,H,H,H,H,H,H,H,H,H,A,A,A,A,H,A,A,A,A,H,H,H,H,H,H,H,H,H,H,H,H,H,H,H,H,H,H,H,H,H,H,H,A,H,H,H,H,H,H,A,A,A,A,A,A,A,A,A,A,A,A,A,A,A,H,A,H,H,A,A,A,A,H,H,H,H,H,H,H,A,H,H,H,H,A,A,A,A,H,H,H,H,H,H,A,A,A,A,A,A,A,A,A,A,A,H,A,H,H,A,H,H,H,H,H,H,H,H,A,H,H,A,A,A,H,A,A,H
145,85.75,1,A,A,A,A,A,A,A,A,A,A,A,A,H,H,H,H,A,A,A,A,A,H,H,H,H,H,H,H,H,H,H,H,H,H,H,H,H,H,H,H,A,H,H,H,H,H,H,H,H,H,H,H,H,H,H,H,H,H,H,H,H,H,H,H,H,H,H,A,A,A,H,H,H,H,H,A,A,H,A,A,A,A,A,A,A,A,H,H,H,A,A,A,A,H,A,A,A,A,A,A,A,A,A,A,A,H,H,H,A,H,H,H,H,H,H,H,H,H,A,A,A,A,A,H,H,H,H,H,A,A,H,H,H,A,A,A,A,A,A,A,A
158,106.25,1,A,A,H,H,H,H,A,A,A,A,A,A,H,H,H,H,A,A,A,A,A,A,A,A,A,A,A,A,A,A,A,A,A,A,A,A,A,H,H,A,H,H,H,H,H,H,H,H,H,H,H,H,H,H,H,H,H,H,H,H,H,H,H,H,H,H,H,H,A,A,A,A,A,A,A,A,A,A,A,A,A,A,A,A,A,A,A,H,H,H,A,A,A,A,A,A,A,A,A,A,A,A,A,A,A,H,A,A,A,A,A,A,A,A,A,A,A,A,A,A,A,A,A,A,A,A,A,H,A,H,H,H,H,A,A,A,A,A,A,A,A
38,66.2,1,A,A,A,A,A,A,A,A,A,A,A,A,A,A,A,A,A,A,H,H,H,A,A,H,H,H,H,A,A,A,A,A,A,A,A,A,A,A,A,A,A,A,A,A,A,A,A,A,A,A,A,A,A,A,H,H,H,H,H,H,H,H,H,H,H,H,H,H,H,H,H,H,H,H,A,A,A,A,A,A,A,A,A,A,A,A,A,A,A,A,A,A,H,H,H,H,H,H,H,H,H,H,H,H,H,H,H,A,A,H,H,A,A,A,A,A,A,A,A,A,A,A,A,A,H,H,H,H,A,A,A,A,A,A,A,A,A,A,A,A,A
53,75,1,A,A,A,A,A,A,A,A,A,A,A,H,H,H,H,H,H,H,H,H,A,A,A,A,A,A,A,A,A,A,A,A,A,A,A,A,A,A,A,A,A,A,A,A,A,A,A,A,A,A,H,H,H,H,H,A,A,A,A,A,A,H,H,H,H,H,H,H,A,A,A,A,A,A,A,A,A,A,A,A,A,A,A,A,A,A,A,A,H,H,H,H,H,H,H,H,H,H,H,H,H,H,H,H,H,H,H,A,A,A,A,A,A,A,A,A,A,A,H,H,H,H,A,H,H,H,H,H,A,A,A,A,A,A,A,A,H,H,H,H,H
80,49,1,H,H,A,A,H,A,A,A,A,A,A,A,A,A,A,A,H,H,H,H,H,H,H,H,H,H,H,H,A,A,A,A,A,A,H,H,H,H,H,H,A,H,H,A,A,H,A,A,A,A,A,A,A,A,A,H,H,H,H,H,A,A,A,A,A,A,A,A,A,A,A,A,H,H,H,H,H,H,H,H,H,A,A,A,A,A,A,H,H,H,H,H,A,A,A,A,A,A,A,A,A,H,H,H,A,H,H,H,A,A,A,A,A,A,H,H,H,H,A,A,A,A,A,A,A,A,A,A,A,A,A,H,A,A,H,H,A,A,A,A,A
33,64.67,1,H,H,H,H,A,A,A,A,A,A,A,H,H,H,H,H,H,A,A,A,A,H,H,A,A,A,A,A,A,A,A,A,A,A,H,A,A,A,A,A,A,A,A,A,A,A,A,A,A,H,H,A,A,A,A,H,H,H,H,H,H,H,H,H,H,A,A,A,A,A,A,A,A,A,H,H,H,H,H,H,H,H,H,A,A,A,A,A,A,H,H,H,H,H,H,H,H,H,H,H,H,H,H,H,H,H,H,H,H,H,H,H,H,H,H,H,H,H,H,H,H,H,H,H,H,H,H,H,H,H,H,H,H,H,H,H,H,H,A,A,A
35,79.6,1,A,A,A,A,A,A,A,A,A,A,A,A,A,A,A,A,A,A,A,A,A,H,H,H,H,H,H,H,A,H,A,A,A,A,A,A,A,A,A,A,A,A,A,A,A,A,A,A,A,A,A,A,A,A,A,H,H,H,H,H,H,H,H,H,H,H,H,A,A,A,A,A,H,H,H,H,H,H,H,H,H,H,H,A,A,A,A,A,A,A,A,A,H,H,H,H,H,H,H,H,H,H,H,H,H,H,H,H,H,H,H,H,H,H,H,A,A,H,A,H,H,H,H,H,H,H,H,H,A,A,A,A,A,A,A,A,A,A,A,A,A
63,51.25,1,H,H,H,H,H,H,A,A,A,A,A,A,A,A,A,A,A,A,H,H,H,A,A,A,A,A,A,A,A,A,A,A,A,A,A,A,A,A,A,H,H,H,H,H,H,H,H,H,H,H,H,A,A,A,H,A,A,A,A,A,A,A,A,H,A,A,A,H,H,H,H,H,A,A,A,H,H,H,H,H,H,A,H,A,A,H,H,H,H,H,H,H,H,H,H,H,H,H,H,H,H,H,H,H,H,H,H,A,A,A,A,A,A,A,A,A,A,A,H,H,H,A,A,A,A,A,A,A,H,H,H,A,A,A,A,A,A,A,A,A,A
142,50.33,1,H,H,H,H,H,H,H,H,H,H,A,A,H,A,A,A,A,A,H,H,H,A,A,A,A,A,A,A,A,H,A,A,A,A,H,H,H,H,H,H,H,H,H,H,H,H,H,H,H,H,H,H,H,H,H,A,A,A,A,A,A,A,A,A,A,A,A,H,H,H,H,H,H,H,H,H,H,H,H,H,H,A,H,A,A,A,A,A,A,H,H,H,H,H,H,H,A,A,A,A,A,A,A,A,A,A,A,A,A,A,A,A,H,H,H,H,H,H,H,H,A,H,H,H,H,H,H,H,H,H,A,A,A,A,A,A,A,A,A,A,A
146,65,1,H,H,H,H,H,H,A,A,A,A,H,A,H,H,A,H,A,A,A,A,A,A,A,A,H,H,H,A,A,A,A,A,A,A,H,H,H,H,A,H,H,H,H,A,H,H,H,A,H,H,H,H,H,H,H,H,H,H,H,H,H,H,H,H,H,H,H,H,H,H,A,A,A,A,H,H,H,H,H,H,H,H,A,A,A,A,A,A,H,H,H,H,A,A,H,H,H,H,H,H,H,H,H,A,A,H,H,H,H,H,H,H,H,H,H,H,A,A,H,H,H,H,H,H,H,H,H,A,A,A,A,A,A,A,A,A,A,H,A,A,H
